Date,Open,High,Low,Close,Adj Close,Volume
2012-01-03,12.06760311126709,12.296136856079102,11.933464050292969,12.181870460510254,7.767032146453857,3479776
2012-01-04,12.13218879699707,12.176901817321777,11.928495407104492,12.166966438293457,7.757530212402344,4230761
2012-01-05,12.137157440185547,12.360722541809082,12.00301742553711,12.077539443969727,7.7005109786987305,6044319
2012-01-06,12.077539443969727,12.15206241607666,11.665184020996094,11.690025329589844,7.453436374664307,6004264
2012-01-09,11.769515037536621,11.839069366455078,11.560853004455566,11.61053466796875,7.402755260467529,4542951
2012-01-10,11.849004745483398,12.176901817321777,11.764547348022461,12.12722110748291,7.732187271118164,4548184
2012-01-11,12.117284774780273,12.251423835754395,12.022890090942383,12.211679458618164,7.786037921905518,2778909
2012-01-12,12.216647148132324,12.385563850402832,12.017922401428223,12.360722541809082,7.881066799163818,4026057
2012-01-13,12.246456146240234,12.261361122131348,11.968239784240723,11.998048782348633,7.649829864501953,2578633
2012-01-17,12.15206241607666,12.400467872619629,12.12722110748291,12.266328811645508,7.820883750915527,3339884
2012-01-18,12.301106452941895,12.703524589538574,12.201743125915527,12.67868423461914,8.08379077911377,3203616
2012-01-19,12.668747901916504,13.061229705810547,12.633971214294434,12.961868286132812,8.264351844787598,3185702
2012-01-20,12.98173999786377,13.051294326782227,12.857537269592285,12.966835975646973,8.26751708984375,2529117
2012-01-23,12.991677284240723,13.195369720458984,12.897281646728516,13.061229705810547,8.327705383300781,2437534
2012-01-24,12.98173999786377,13.056262016296387,12.792950630187988,12.961868286132812,8.264351844787598,2800648
2012-01-25,12.966835975646973,13.120847702026367,12.773078918457031,13.07613468170166,8.337206840515137,2288786
2012-01-26,13.120847702026367,13.245052337646484,12.857537269592285,12.932059288024902,8.245345115661621,2487049
2012-01-27,12.887346267700195,13.056262016296387,12.842632293701172,13.00658130645752,8.292860984802246,2088107
2012-01-30,12.872441291809082,12.97677230834961,12.728364944458008,12.882377624511719,8.213667869567871,2668002
2012-01-31,12.932059288024902,12.956899642944336,12.62403392791748,12.832695960998535,8.181991577148438,3530096
2012-02-01,12.971803665161133,13.632566452026367,12.802886962890625,13.508362770080566,8.612787246704102,4256123
2012-02-02,13.55804443359375,13.68224811553955,13.46364974975586,13.543140411376953,8.634964942932129,2357826
2012-02-03,13.741865158081055,13.975367546081543,13.712056159973145,13.945558547973633,8.891542434692383,2480407
2012-02-06,13.771674156188965,13.771674156188965,13.478553771972656,13.637534141540527,8.695148468017578,5546748
2012-02-07,13.49842643737793,13.52823543548584,13.110912322998047,13.155625343322754,8.38788890838623,8315794
2012-02-08,14.218806266784668,16.64325714111328,14.218806266784668,15.594980239868164,9.943196296691895,28023989
2012-02-09,15.629756927490234,16.603511810302734,15.575106620788574,16.365041732788086,10.43417739868164,11339061
2012-02-10,16.136507034301758,16.26567840576172,15.982495307922363,16.13153839111328,10.285298347473145,6030430
2012-02-13,16.270647048950195,16.340200424194336,15.838418960571289,16.081857681274414,10.25362491607666,4509135
2012-02-14,16.066953659057617,16.275615692138672,15.962621688842773,16.196125030517578,10.326480865478516,4490617
2012-02-15,16.35013771057129,16.792301177978516,16.022239685058594,16.379945755004883,10.443680763244629,7749385
2012-02-16,16.414722442626953,16.63332176208496,16.101730346679688,16.52402114868164,10.535542488098145,3012196
2012-02-17,16.64325714111328,16.683002471923828,16.40478515625,16.434595108032227,10.478525161743164,3865232
2012-02-21,16.444530487060547,16.588607788085938,15.773833274841309,15.883131980895996,10.126917839050293,5229325
2012-02-22,15.893068313598633,16.032175064086914,15.788737297058105,15.84338665008545,10.101574897766113,3629731
2012-02-23,15.878164291381836,16.05204963684082,15.798673629760742,16.03714370727539,10.225113868713379,3017429
2012-02-24,16.042112350463867,16.101730346679688,15.863259315490723,15.942749977111816,10.164928436279297,2545824
2012-02-27,15.898036003112793,16.2060604095459,15.724151611328125,16.07192039489746,10.247288703918457,2618084
2012-02-28,16.091793060302734,16.16631507873535,15.907973289489746,16.01230239868164,10.209277153015137,2832048
2012-02-29,16.081857681274414,16.171283721923828,15.768864631652832,15.778800964355469,10.06039810180664,2891628
2012-03-01,15.893068313598633,15.952686309814453,15.734087944030762,15.823513984680176,10.08890438079834,2375136
2012-03-02,15.838418960571289,15.99739933013916,15.560202598571777,15.560202598571777,9.92102336883545,2569575
2012-03-05,16.01230239868164,16.315359115600586,15.729120254516602,15.863259315490723,10.114248275756836,4241429
2012-03-06,15.634724617004395,15.694342613220215,15.336636543273926,15.406190872192383,9.822826385498047,3918773
2012-03-07,15.490649223327637,15.50555419921875,15.336636543273926,15.366445541381836,9.797483444213867,2388018
2012-03-08,15.555234909057617,15.639693260192871,15.435999870300293,15.54529857635498,9.911518096923828,2143057
2012-03-09,15.609884262084961,15.758929252624512,15.51052188873291,15.634724617004395,9.968535423278809,2555888
2012-03-12,15.634724617004395,15.848355293273926,15.431032180786133,15.47574520111084,9.867171287536621,3018838
2012-03-13,15.624789237976074,15.694342613220215,15.50555419921875,15.624789237976074,9.962202072143555,3641406
2012-03-14,15.649629592895508,15.704278945922852,15.38631820678711,15.435999870300293,9.841832160949707,2499730
2012-03-15,15.435999870300293,15.962621688842773,15.351540565490723,15.947717666625977,10.168098449707031,3232399
2012-03-16,15.97255802154541,16.08682632446289,15.619820594787598,15.699311256408691,10.009714126586914,4242637
2012-03-19,15.594980239868164,15.878164291381836,15.470776557922363,15.654598236083984,9.981208801269531,3642010
2012-03-20,15.50555419921875,15.50555419921875,15.103135108947754,15.137910842895508,9.651771545410156,3656703
2012-03-21,15.11803913116455,15.411158561706543,15.073326110839844,15.331668853759766,9.839896202087402,2757976
2012-03-22,15.157784461975098,15.182624816894531,15.013708114624023,15.108102798461914,9.696414947509766,2548038
2012-03-23,15.078293800354004,15.286955833435059,15.013708114624023,15.247209548950195,9.785690307617188,2802258
2012-03-26,15.42606258392334,15.525425910949707,15.311796188354492,15.440967559814453,9.910045623779297,3404295
2012-03-27,15.45587158203125,15.619820594787598,15.311796188354492,15.45587158203125,9.919611930847168,2712687
2012-03-28,15.465807914733887,15.465807914733887,15.05842113494873,15.162752151489258,9.731487274169922,1708689
2012-03-29,15.008740425109863,15.08326244354248,14.745429039001465,15.043517112731934,9.654960632324219,2161978
2012-03-30,15.172687530517578,15.227337837219238,14.819951057434082,14.874600410461426,9.546548843383789,2894848
2012-04-02,14.829887390136719,15.018675804138184,14.651034355163574,14.968995094299316,9.607131958007812,2296837
2012-04-03,14.934218406677246,15.043517112731934,14.641098022460938,14.740461349487305,9.46045970916748,2874519
2012-04-04,14.591416358947754,14.660969734191895,14.328104972839355,14.407594680786133,9.246825218200684,3019241
2012-04-05,14.372817993164062,14.611289024353027,14.208869934082031,14.581480026245117,9.358424186706543,3479172
2012-04-09,14.288359642028809,14.288359642028809,14.124411582946777,14.218806266784668,9.125658988952637,1978005
2012-04-10,14.14428424835205,14.208869934082031,13.95549488067627,14.000207901000977,8.985363960266113,2976569
2012-04-11,13.03639030456543,13.861100196838379,12.753206253051758,13.607725143432617,8.733466148376465,11618039
2012-04-12,13.59778881072998,13.781609535217285,13.488490104675293,13.756770133972168,8.829126358032227,5121438
2012-04-13,13.632566452026367,13.642501831054688,13.289765357971191,13.423904418945312,8.615489959716797,3404898
2012-04-16,13.61766242980957,13.910781860351562,13.513331413269043,13.59282112121582,8.72390365600586,4208419
2012-04-17,13.677279472351074,13.816387176513672,13.59778881072998,13.756770133972168,8.829126358032227,2748113
2012-04-18,13.62759780883789,13.871036529541016,13.62759780883789,13.836259841918945,8.880143165588379,3930850
2012-04-19,13.880972862243652,13.98033618927002,13.632566452026367,13.692184448242188,8.787675857543945,2556089
2012-04-20,13.746832847595215,13.796515464782715,13.513331413269043,13.543140411376953,8.692017555236816,2893842
2012-04-23,13.369255065917969,13.399064064025879,13.155625343322754,13.314604759216309,8.545342445373535,2665184
2012-04-24,13.344413757324219,13.468618392944336,13.200338363647461,13.468618392944336,8.644187927246094,3077814
2012-04-25,13.667343139648438,13.836259841918945,13.58785343170166,13.796515464782715,8.854636192321777,3050037
2012-04-26,13.731928825378418,13.965431213378906,13.731928825378418,13.910781860351562,8.927969932556152,2251549
2012-04-27,13.98530387878418,14.149251937866211,13.900845527648926,14.149251937866211,9.081022262573242,3011391
2012-04-30,14.094602584838867,14.094602584838867,13.846196174621582,13.940590858459473,8.947100639343262,2801252
2012-05-01,13.915749549865723,14.159189224243164,13.880972862243652,14.099571228027344,9.049137115478516,2200825
2012-05-02,13.995240211486816,14.159189224243164,13.93065357208252,14.01014518737793,8.991740226745605,2834262
2012-05-03,14.01511287689209,14.030016899108887,13.816387176513672,13.910781860351562,8.927969932556152,2616675
2012-05-04,13.766706466674805,13.766706466674805,13.508362770080566,13.518299102783203,8.676074028015137,2974355
2012-05-07,13.369255065917969,13.64747142791748,13.344413757324219,13.538171768188477,8.688827514648438,2642037
2012-05-08,13.364287376403809,13.418935775756836,13.225178718566895,13.413968086242676,8.609112739562988,3631744
2012-05-09,13.230147361755371,13.572949409484863,13.10594367980957,13.503395080566406,8.666508674621582,3484405
2012-05-10,13.672310829162598,13.68224811553955,13.339446067810059,13.413968086242676,8.609112739562988,2323406
2012-05-11,13.339446067810059,13.56797981262207,13.289765357971191,13.468618392944336,8.644187927246094,2395264
2012-05-14,13.299700736999512,13.339446067810059,13.096007347106934,13.210274696350098,8.47838306427002,1970960
2012-05-15,13.215243339538574,13.274860382080078,13.0711669921875,13.10097599029541,8.408235549926758,3306069
2012-05-16,13.264924049377441,13.458681106567383,13.110912322998047,13.125816345214844,8.424177169799805,5649000
2012-05-17,13.091038703918457,13.130784034729004,12.758173942565918,12.802886962890625,8.216919898986816,7861499
2012-05-18,12.802886962890625,13.01154899597168,12.668747901916504,12.792950630187988,8.210542678833008,6352080
2012-05-21,12.797919273376465,13.210274696350098,12.6836519241333,13.190402030944824,8.465627670288086,3042187
2012-05-22,13.13575267791748,13.364287376403809,13.03639030456543,13.110912322998047,8.41461181640625,3505540
2012-05-23,13.00658130645752,13.269891738891602,12.917155265808105,13.250020027160645,8.503891944885254,3350150
2012-05-24,13.289765357971191,13.289765357971191,13.03639030456543,13.140721321105957,8.433744430541992,2873311
2012-05-25,13.110912322998047,13.413968086242676,13.091038703918457,13.225178718566895,8.487947463989258,2257386
2012-05-29,13.374222755432129,13.59282112121582,13.374222755432129,13.56301212310791,8.7047700881958,2713090
2012-05-30,13.43384075164795,13.503395080566406,13.250020027160645,13.369255065917969,8.58041763305664,3226965
2012-05-31,13.369255065917969,13.389126777648926,13.03639030456543,13.235115051269531,8.49432373046875,2554076
2012-06-01,12.98670768737793,13.031421661376953,12.817791938781738,12.817791938781738,8.22648811340332,3328411
2012-06-04,12.837663650512695,12.862504959106445,12.49486255645752,12.668747901916504,8.130829811096191,4863594
2012-06-05,12.643906593322754,13.07613468170166,12.604162216186523,12.917155265808105,8.290258407592773,3799211
2012-06-06,13.04135799407959,13.130784034729004,13.001612663269043,13.096007347106934,8.405044555664062,3070568
2012-06-07,13.314604759216309,13.394096374511719,12.98173999786377,12.98173999786377,8.331707000732422,2623318
2012-06-08,12.98670768737793,13.001612663269043,12.802886962890625,12.991677284240723,8.33808708190918,2889615
2012-06-11,13.125816345214844,13.13575267791748,12.430276870727539,12.445181846618652,7.987345218658447,3639393
2012-06-12,12.360722541809082,12.380596160888672,12.13218879699707,12.316010475158691,7.968061447143555,3809678
2012-06-13,12.306074142456055,12.306074142456055,11.983144760131836,12.022890090942383,7.778421878814697,3001327
2012-06-14,12.022890090942383,12.166966438293457,11.968239784240723,12.077539443969727,7.813776969909668,3048427
2012-06-15,12.082508087158203,12.276265144348145,12.047731399536133,12.276265144348145,7.942346096038818,2620902
2012-06-18,12.221614837646484,12.316010475158691,12.022890090942383,12.231552124023438,7.913416385650635,2113066
2012-06-19,12.306074142456055,12.330913543701172,12.112316131591797,12.261361122131348,7.932703971862793,3087677
2012-06-20,12.286200523376465,12.355754852294922,12.171934127807617,12.276265144348145,7.942346096038818,2107229
2012-06-21,12.266328811645508,12.355754852294922,11.844037055969238,11.849004745483398,7.665921688079834,3211265
2012-06-22,11.923526763916016,11.933464050292969,11.799324035644531,11.873846054077148,7.681995391845703,2197001
2012-06-25,11.739706039428711,11.739706039428711,11.501235961914062,11.590662002563477,7.498781681060791,2848352
2012-06-26,11.625438690185547,11.650279998779297,11.476394653320312,11.57079029083252,7.48592472076416,2336892
2012-06-27,11.615503311157227,11.759578704833984,11.555885314941406,11.754611015319824,7.604852676391602,2909542
2012-06-28,11.665184020996094,11.829133033752441,11.620471000671387,11.804291725158691,7.636992454528809,3310899
2012-06-29,12.03282642364502,12.335883140563965,12.03282642364502,12.330913543701172,7.977700710296631,4385548
2012-07-02,12.380596160888672,12.430276870727539,12.15206241607666,12.325945854187012,7.974486827850342,2678469
2012-07-03,12.350787162780762,12.49486255645752,12.301106452941895,12.46505355834961,8.06448745727539,2521066
2012-07-05,12.440213203430176,12.514735221862793,12.360722541809082,12.420340538024902,8.035558700561523,2442566
2012-07-06,12.311041831970215,12.375628471374512,11.973209381103516,12.03779411315918,7.788064002990723,4160111
2012-07-09,11.983144760131836,12.012953758239746,11.714865684509277,11.923526763916016,7.714135646820068,3723529
2012-07-10,11.978177070617676,12.06760311126709,11.55091667175293,11.645312309265137,7.534138202667236,3319957
2012-07-11,11.67512035369873,11.724802017211914,11.431681632995605,11.51613998413086,7.450569152832031,2692156
2012-07-12,11.396904945373535,11.52110767364502,11.282637596130371,11.456521987915039,7.4119977951049805,3717692
2012-07-13,11.471426963806152,11.839069366455078,11.441617965698242,11.789387702941895,7.6273512840271,3826586
2012-07-16,11.759578704833984,11.794356346130371,11.55091667175293,11.590662002563477,7.498781681060791,1984849
2012-07-17,11.630407333374023,11.759578704833984,11.431681632995605,11.650279998779297,7.537354946136475,967163
2012-07-18,11.640342712402344,11.893717765808105,11.61053466796875,11.853973388671875,7.669136047363281,2540792
2012-07-19,11.913591384887695,12.06263542175293,11.685056686401367,11.724802017211914,7.585567474365234,3328411
2012-07-20,11.655247688293457,11.729769706726074,11.57575798034668,11.600598335266113,7.505211353302002,3371687
2012-07-23,11.357159614562988,11.396904945373535,11.16340160369873,11.332319259643555,7.331644058227539,3098144
2012-07-24,11.312445640563965,11.332319259643555,11.02429485321045,11.178306579589844,7.232003211975098,10854372
2012-07-25,11.198179244995117,11.381999969482422,11.143529891967773,11.292573928833008,7.305928707122803,3784719
2012-07-26,11.526076316833496,11.839069366455078,11.526076316833496,11.719834327697754,7.582352638244629,4218685
2012-07-27,11.784419059753418,12.107348442077637,11.719834327697754,12.03779411315918,7.788064002990723,2277313
2012-07-30,11.998048782348633,12.10237979888916,11.918559074401855,12.06760311126709,7.807346820831299,1814362
2012-07-31,12.077539443969727,12.256391525268555,11.963272094726562,12.231552124023438,7.913416385650635,2868480
2012-08-01,12.251423835754395,12.316010475158691,12.12722110748291,12.171934127807617,7.874846458435059,3077009
2012-08-02,12.042762756347656,12.12722110748291,11.839069366455078,11.998048782348633,7.7623467445373535,2158757
2012-08-03,12.226584434509277,12.390531539916992,12.19180679321289,12.335883140563965,7.980915069580078,1783767
2012-08-06,12.385563850402832,12.539575576782227,12.375628471374512,12.4849271774292,8.077342987060547,1509620
2012-08-07,12.529640197753906,12.792950630187988,12.529640197753906,12.67868423461914,8.20269775390625,1887428
2012-08-08,13.17052936553955,15.048484802246094,13.17052936553955,14.670907020568848,9.491600036621094,15101035
2012-08-09,14.695747375488281,15.247209548950195,14.6311616897583,15.157784461975098,9.806593894958496,7251009
2012-08-10,15.123006820678711,15.599947929382324,15.05842113494873,15.560202598571777,10.066947937011719,4326773
2012-08-13,15.570138931274414,15.689374923706055,15.361477851867676,15.604915618896484,10.095873832702637,3514598
2012-08-14,15.634724617004395,15.783768653869629,15.490649223327637,15.570138931274414,10.07337474822998,3383563
2012-08-15,15.570138931274414,15.664533615112305,15.366445541381836,15.570138931274414,10.07337474822998,4303626
2012-08-16,15.649629592895508,16.08682632446289,15.550267219543457,15.932812690734863,10.308012962341309,6134493
2012-08-17,15.977526664733887,16.39484977722168,15.932812690734863,16.235870361328125,10.504080772399902,5084402
2012-08-20,16.176252365112305,16.39484977722168,16.07192039489746,16.38491439819336,10.600506782531738,3221329
2012-08-21,16.37000846862793,16.603511810302734,16.345169067382812,16.414722442626953,10.619793891906738,2881966
2012-08-22,16.340200424194336,16.494213104248047,16.320327758789062,16.365041732788086,10.587652206420898,2997905
2012-08-23,16.330263137817383,16.424659729003906,16.16631507873535,16.305423736572266,10.549080848693848,2712285
2012-08-24,16.29051971435547,16.449499130249023,16.076889038085938,16.389881134033203,10.603718757629395,1964519
2012-08-27,16.48924446105957,16.543893814086914,16.260709762573242,16.38491439819336,10.600506782531738,1774307
2012-08-28,16.310392379760742,16.35013771057129,16.13153839111328,16.2060604095459,10.484797477722168,3033129
2012-08-29,16.225933074951172,16.340200424194336,16.076889038085938,16.141475677490234,10.443011283874512,2716914
2012-08-30,16.081857681274414,16.116634368896484,15.838418960571289,15.99739933013916,10.349798202514648,2857611
2012-08-31,16.08682632446289,16.141475677490234,15.903003692626953,16.00236701965332,10.417718887329102,2518852
2012-09-04,16.235870361328125,16.235870361328125,15.649629592895508,15.878164291381836,10.336862564086914,3439720
2012-09-05,15.883131980895996,16.09676170349121,15.833451271057129,16.076889038085938,10.46623420715332,2370305
2012-09-06,16.146442413330078,16.36007308959961,16.057016372680664,16.270647048950195,10.592373847961426,3291979
2012-09-07,16.29051971435547,16.499181747436523,16.23090171813965,16.414722442626953,10.686166763305664,3760162
2012-09-10,16.305423736572266,16.87179183959961,16.285551071166992,16.439563751220703,10.702340126037598,5855717
2012-09-11,16.519052505493164,16.543893814086914,16.285551071166992,16.345169067382812,10.640890121459961,3289563
2012-09-12,16.36007308959961,16.48924446105957,16.270647048950195,16.424659729003906,10.692635536193848,3606986
2012-09-13,16.40478515625,16.81217384338379,16.40478515625,16.6680965423584,10.851115226745605,7280597
2012-09-14,16.658161163330078,17.259305953979492,16.588607788085938,17.2294979095459,11.216593742370605,4481560
2012-09-17,17.169879913330078,17.219560623168945,16.856887817382812,16.981090545654297,11.054877281188965,2574205
2012-09-18,17.060579299926758,17.199687957763672,16.69293785095215,16.737651824951172,10.896398544311523,3432072
2012-09-19,16.75255584716797,16.777395248413086,16.58363914489746,16.663129806518555,10.847880363464355,2571789
2012-09-20,16.439563751220703,16.479307174682617,16.111665725708008,16.424659729003906,10.692635536193848,3314321
2012-09-21,16.533958435058594,16.62835121154785,16.414722442626953,16.434595108032227,10.699103355407715,2580042
2012-09-24,16.409753799438477,16.494213104248047,16.305423736572266,16.320327758789062,10.624715805053711,2139434
2012-09-25,16.389881134033203,16.41969108581543,15.888099670410156,15.893068313598633,10.346564292907715,3106598
2012-09-26,15.942749977111816,15.99739933013916,15.778800964355469,15.863259315490723,10.327157020568848,3075399
2012-09-27,15.957653999328613,16.05204963684082,15.84338665008545,16.007335662841797,10.4209566116333,4068930
2012-09-28,15.942749977111816,16.13153839111328,15.878164291381836,16.00236701965332,10.417718887329102,2806284
2012-10-01,16.06198501586914,16.146442413330078,15.748991966247559,15.768864631652832,10.265707015991211,2951207
2012-10-02,15.833451271057129,15.93778133392334,15.619820594787598,15.798673629760742,10.285114288330078,3241859
2012-10-03,15.898036003112793,16.007335662841797,15.734087944030762,15.788737297058105,10.278642654418945,2335081
2012-10-04,15.818546295166016,15.863259315490723,15.684406280517578,15.798673629760742,10.285114288330078,2307908
2012-10-05,15.898036003112793,16.007335662841797,15.798673629760742,15.838418960571289,10.31098747253418,1562759
2012-10-08,15.763896942138672,15.912940979003906,15.644660949707031,15.863259315490723,10.327157020568848,2483426
2012-10-09,15.818546295166016,15.853322982788086,15.406190872192383,15.54033088684082,10.116929054260254,1995316
2012-10-10,15.520458221435547,15.629756927490234,15.470776557922363,15.565171241760254,10.133099555969238,2147284
2012-10-11,15.654598236083984,15.773833274841309,15.500584602355957,15.674469947814941,10.204254150390625,2302070
2012-10-12,15.709246635437012,15.734087944030762,15.535362243652344,15.609884262084961,10.162209510803223,1183945
2012-10-15,15.649629592895508,15.788737297058105,15.525425910949707,15.773833274841309,10.268940925598145,1659375
2012-10-16,15.84338665008545,16.05204963684082,15.823513984680176,16.01727294921875,10.427422523498535,1896285
2012-10-17,16.022239685058594,16.1911563873291,15.907973289489746,16.10669708251953,10.485640525817871,1214339
2012-10-18,16.081857681274414,16.101730346679688,15.863259315490723,15.947717666625977,10.382140159606934,1091757
2012-10-19,15.888099670410156,15.927845001220703,15.550267219543457,15.629756927490234,10.175148010253906,2368896
2012-10-22,15.619820594787598,15.773833274841309,15.555234909057617,15.753959655761719,10.256003379821777,2153323
2012-10-23,15.599947929382324,15.639693260192871,15.336636543273926,15.48568058013916,10.081350326538086,2221356
2012-10-24,15.535362243652344,15.560202598571777,15.277018547058105,15.291924476623535,9.955216407775879,1526528
2012-10-25,15.406190872192383,15.470776557922363,15.157784461975098,15.272050857543945,9.942275047302246,1153753
2012-10-26,15.197528839111328,15.316763877868652,15.05345344543457,15.197528839111328,9.893760681152344,1256205
2012-10-31,15.252179145812988,15.252179145812988,14.978931427001953,15.127975463867188,9.848481178283691,1920237
2012-11-01,15.167719841003418,15.495616912841797,15.167719841003418,15.465807914733887,10.068410873413086,2816147
2012-11-02,15.599947929382324,15.599947929382324,15.346572875976562,15.460840225219727,10.065180778503418,2478595
2012-11-05,15.38631820678711,15.739055633544922,15.316763877868652,15.629756927490234,10.175148010253906,3803640
2012-11-06,17.219560623168945,18.77955436706543,17.115230560302734,18.28274154663086,11.902267456054688,14897941
2012-11-07,18.173442840576172,18.252933502197266,17.6269474029541,17.78592872619629,11.578835487365723,4576364
2012-11-08,17.70146942138672,17.920068740844727,17.552425384521484,17.552425384521484,11.426826477050781,2210487
2012-11-09,17.52261734008789,17.661724090576172,17.40338134765625,17.49777603149414,11.391247749328613,2761599
2012-11-12,17.53255271911621,17.621980667114258,17.448095321655273,17.507713317871094,11.397713661193848,2072004
2012-11-13,17.388477325439453,17.6269474029541,17.338796615600586,17.49777603149414,11.391247749328613,2044630
2012-11-14,17.537521362304688,17.636884689331055,17.21459197998047,17.28911590576172,11.25540542602539,3006560
2012-11-15,17.30898666381836,17.328859329223633,17.065547943115234,17.10529327392578,11.135737419128418,3738424
2012-11-16,17.120197296142578,17.14006996154785,16.981090545654297,17.125165939331055,11.148674964904785,3900457
2012-11-19,17.621980667114258,18.098920822143555,17.621980667114258,17.840578079223633,11.614419937133789,3308887
2012-11-20,17.840578079223633,18.416881561279297,17.721342086791992,18.337390899658203,11.937848091125488,4452374
2012-11-21,18.337390899658203,18.486434936523438,18.208219528198242,18.312551498413086,11.921676635742188,1559740
2012-11-23,18.362232208251953,18.83917236328125,18.287710189819336,18.82923698425293,12.258042335510254,1436152
2012-11-26,18.719938278198242,18.789491653442383,18.62554359436035,18.774587631225586,12.222466468811035,1490700
2012-11-27,18.739810943603516,18.948471069335938,18.660320281982422,18.67522430419922,12.157776832580566,3619265
2012-11-28,18.536117553710938,19.01802635192871,18.43675422668457,18.98324966430664,12.358309745788574,2250341
2012-11-29,19.047834396362305,19.216751098632812,19.022993087768555,19.08757972717285,12.426224708557129,1880584
2012-11-30,19.07764434814453,19.117389678955078,18.81930160522461,18.908727645874023,12.30979061126709,2331659
2012-12-03,19.311145782470703,20.041461944580078,19.311145782470703,19.509870529174805,12.701142311096191,3692531
2012-12-04,19.549617767333984,19.74337387084961,18.87394905090332,19.122356414794922,12.448868751525879,5996011
2012-12-05,19.167070388793945,19.31611442565918,19.047834396362305,19.177005767822266,12.484445571899414,6079946
2012-12-06,19.092548370361328,19.261465072631836,18.685161590576172,19.261465072631836,12.539426803588867,4683849
2012-12-07,19.3260498046875,19.36082649230957,19.07764434814453,19.311145782470703,12.571772575378418,3729165
2012-12-10,19.226688385009766,19.460189819335938,19.226688385009766,19.430381774902344,12.649396896362305,2573802
2012-12-11,19.519807815551758,19.6241397857666,19.38566780090332,19.51483917236328,12.704378128051758,4438083
2012-12-12,19.5893611907959,19.8377685546875,19.5893611907959,19.793054580688477,12.885497093200684,5025627
2012-12-13,19.728469848632812,19.92222785949707,19.68375587463379,19.783119201660156,12.879030227661133,2704837
2012-12-14,19.594329833984375,19.793054580688477,19.549617767333984,19.67382049560547,12.807873725891113,2058317
2012-12-17,19.609233856201172,20.16069793701172,19.524776458740234,20.16069793701172,13.124841690063477,3607389
2012-12-18,20.13585662841797,20.185537338256836,19.817895889282227,19.986812591552734,13.011637687683105,4675194
2012-12-19,20.006685256958008,20.125919342041016,19.892417907714844,19.89738655090332,12.953418731689453,2059324
2012-12-20,19.867576599121094,19.937131881713867,19.61420249938965,19.827831268310547,12.908135414123535,5639338
2012-12-21,19.584394454956055,19.584394454956055,19.31611442565918,19.400571823120117,12.629987716674805,5049378
2012-12-24,19.41050910949707,19.594329833984375,19.390636444091797,19.494966506958008,12.691442489624023,1149526
2012-12-26,19.499935150146484,19.71853256225586,19.36082649230957,19.489999771118164,12.753207206726074,1902122
2012-12-27,19.465158462524414,19.64897918701172,19.276369094848633,19.494966506958008,12.756460189819336,3124914
2012-12-28,19.3260498046875,19.629106521606445,19.321081161499023,19.39560317993164,12.691437721252441,2139434
2012-12-31,19.405540466308594,19.937131881713867,19.38566780090332,19.89738655090332,13.019779205322266,3219316
2013-01-02,20.39419937133789,20.62273406982422,20.27496337890625,20.617765426635742,13.491155624389648,3199188
2013-01-03,20.62273406982422,20.78668212890625,20.528339385986328,20.652542114257812,13.513914108276367,2996697
2013-01-04,20.652542114257812,20.796619415283203,20.508466720581055,20.697256088256836,13.543172836303711,2066771
2013-01-07,20.5482120513916,20.627702713012695,20.39419937133789,20.47865867614746,13.400135040283203,2098775
2013-01-08,20.47865867614746,20.47865867614746,20.0364933013916,20.06133460998535,13.127060890197754,3655495
2013-01-09,20.269996643066406,20.66744613647461,20.215347290039062,20.414072036743164,13.357871055603027,3759559
2013-01-10,20.508466720581055,20.712160110473633,20.36935806274414,20.707191467285156,13.549673080444336,2205656
2013-01-11,20.771778106689453,20.866172790527344,20.672414779663086,20.841331481933594,13.63744831085205,2085289
2013-01-14,20.756874084472656,21.015216827392578,20.543243408203125,20.866172790527344,13.653700828552246,2460681
2013-01-15,20.722097396850586,20.87114143371582,20.637638092041016,20.87114143371582,13.656952857971191,1518879
2013-01-16,20.756874084472656,20.806554794311523,20.662479400634766,20.687320709228516,13.53666877746582,2602586
2013-01-17,20.796619415283203,20.826427459716797,20.702224731445312,20.746936798095703,13.575684547424316,2722148
2013-01-18,20.766809463500977,20.801586151123047,20.463754653930664,20.801586151123047,13.611437797546387,1799266
2013-01-22,21.164260864257812,21.253686904907227,20.87114143371582,20.995344161987305,13.738224029541016,3236224
2013-01-23,20.965534210205078,21.0599308013916,20.66744613647461,20.89101219177246,13.669955253601074,2013028
2013-01-24,20.766809463500977,21.23878288269043,20.71712875366211,21.0748348236084,13.790239334106445,2719732
2013-01-25,21.020185470581055,21.14438819885254,20.602861404418945,21.08477020263672,13.796740531921387,2772871
2013-01-28,21.099674224853516,21.218910217285156,21.0599308013916,21.164260864257812,13.848753929138184,2295428
2013-01-29,21.129484176635742,21.19407081604004,20.831396102905273,21.159292221069336,13.84550666809082,2751333
2013-01-30,21.184133529663086,21.24871826171875,20.94069480895996,20.980440139770508,13.728470802307129,2414386
2013-01-31,20.920822143554688,21.040056228637695,20.732032775878906,20.766809463500977,13.5886869430542,2255977
2013-02-01,20.900949478149414,21.30833625793457,20.841331481933594,21.21394157409668,13.881263732910156,2808900
2013-02-04,21.0748348236084,21.362985610961914,20.781713485717773,20.82145881652832,13.624444007873535,7211557
2013-02-05,21.641202926635742,23.250877380371094,21.323240280151367,22.729223251342773,14.872779846191406,8450050
2013-02-06,22.62986183166504,22.813682556152344,22.406295776367188,22.729223251342773,14.872779846191406,3461258
2013-02-07,22.73419189453125,22.823617935180664,22.38642120361328,22.823617935180664,14.934545516967773,3420196
2013-02-08,22.858394622802734,23.06705665588379,22.649734497070312,22.704383850097656,14.856528282165527,2176873
2013-02-11,22.704383850097656,23.062089920043945,22.654701232910156,22.878267288208008,14.97030258178711,3791563
2013-02-12,22.85342788696289,23.176355361938477,22.848459243774414,23.121707916259766,15.12960433959961,3923000
2013-02-13,23.151514053344727,23.345272064208984,23.096866607666016,23.25584602355957,15.217376708984375,3470517
2013-02-14,23.191261291503906,23.663232803344727,23.176355361938477,23.653297424316406,15.477447509765625,3612018
2013-02-15,24.001066207885742,24.58730697631836,23.509220123291016,23.8818302154541,15.626985549926758,3289161
2013-02-19,23.89673614501953,24.314058303833008,23.89673614501953,24.244504928588867,15.864304542541504,4000695
2013-02-20,24.224632263183594,24.314058303833008,23.772531509399414,23.797372817993164,15.571725845336914,2475174
2013-02-21,23.653297424316406,23.757627487182617,23.380050659179688,23.399921417236328,15.311650276184082,4304028
2013-02-22,23.524126052856445,23.68310546875,23.32539939880371,23.678138732910156,15.493707656860352,4144009
2013-02-25,23.752660751342773,23.787437438964844,23.086929321289062,23.086929321289062,15.10684585571289,2895049
2013-02-26,23.231006622314453,23.668201446533203,23.12667465209961,23.618520736694336,15.454691886901855,3253534
2013-02-27,23.653297424316406,24.01597023010254,23.429731369018555,23.936481475830078,15.662750244140625,2883375
2013-02-28,23.941448211669922,24.04081153869629,23.847055435180664,23.86195945739746,15.613982200622559,2795817
2013-03-01,23.787437438964844,23.991130828857422,23.509220123291016,23.98119354248047,15.692004203796387,3014007
2013-03-04,23.83711814880371,24.050748825073242,23.80234146118164,23.991130828857422,15.698507308959961,2814134
2013-03-05,24.13520622253418,24.646923065185547,24.13520622253418,24.641956329345703,16.12437629699707,2954830
2013-03-06,24.71647834777832,24.815841674804688,24.487943649291992,24.51775360107422,16.043100357055664,2760391
2013-03-07,24.487943649291992,24.830745697021484,24.423358917236328,24.766159057617188,16.20564079284668,2451020
2013-03-08,24.83571434020996,24.83571434020996,24.373676300048828,24.721446990966797,16.1763858795166,2121319
2013-03-11,24.691638946533203,25.09902572631836,24.59724235534668,25.089088439941406,16.41695213317871,2162582
2013-03-12,25.004629135131836,25.13380241394043,24.791000366210938,24.83571434020996,16.251155853271484,2821179
2013-03-13,24.890363693237305,24.910236358642578,24.398517608642578,24.53762435913086,16.056100845336914,4006130
2013-03-14,24.646923065185547,24.949981689453125,24.59724235534668,24.731382369995117,16.248685836791992,3009579
2013-03-15,24.632020950317383,24.815841674804688,24.13520622253418,24.13520622253418,15.856990814208984,4910896
2013-03-18,23.926544189453125,24.338899612426758,23.782468795776367,24.00603485107422,15.772126197814941,3897639
2013-03-19,24.130237579345703,24.209728240966797,23.737756729125977,23.916608810424805,15.713373184204102,3116460
2013-03-20,24.090492248535156,24.691638946533203,24.080556869506836,24.393550872802734,16.0267276763916,4230158
2013-03-21,24.189855575561523,24.56246566772461,24.055715560913086,24.090492248535156,15.827617645263672,3310899
2013-03-22,24.19482421875,24.284250259399414,24.001066207885742,24.07558822631836,15.817826271057129,2213506
2013-03-25,24.16998291015625,24.23953628540039,23.852022171020508,24.110366821289062,15.84067440032959,2768443
2013-03-26,24.19482421875,24.52768898010254,24.19482421875,24.393550872802734,16.0267276763916,1834893
2013-03-27,24.18488883972168,24.373676300048828,24.13520622253418,24.314058303833008,15.97450065612793,1994510
2013-03-28,24.214696884155273,24.497880935668945,24.12527084350586,24.4581356048584,16.06915855407715,2810511
2013-04-01,24.4581356048584,24.473039627075195,24.04081153869629,24.095460891723633,15.83088207244873,1783767
2013-04-02,24.140174865722656,24.28921890258789,23.926544189453125,23.986162185668945,15.75907039642334,1961500
2013-04-03,24.090492248535156,24.10042953491211,23.608583450317383,23.757627487182617,15.608922958374023,4654059
2013-04-04,23.797372817993164,23.86195945739746,23.668201446533203,23.772531509399414,15.618714332580566,2464707
2013-04-05,23.464508056640625,23.529094696044922,23.2210693359375,23.479412078857422,15.426132202148438,2374734
2013-04-08,23.514188766479492,23.688074111938477,23.40985870361328,23.688074111938477,15.563222885131836,2108034
2013-04-09,23.732786178588867,23.792404174804688,23.4346981048584,23.65826416015625,15.543642044067383,2618084
2013-04-10,23.82718276977539,24.189855575561523,23.712915420532227,24.150110244750977,15.86678695678711,6493783
2013-04-11,24.13520622253418,24.304122924804688,23.9315128326416,24.10042953491211,15.834146499633789,3293388
2013-04-12,23.89673614501953,23.92157745361328,23.002471923828125,23.196229934692383,15.240082740783691,3537544
2013-04-15,22.967693328857422,23.141578674316406,22.475849151611328,22.475849151611328,14.7667818069458,2933897
2013-04-16,22.704383850097656,23.062089920043945,22.52056121826172,23.052152633666992,15.14542007446289,2545421
2013-04-17,22.808713912963867,22.808713912963867,22.247314453125,22.34170913696289,14.6786527633667,1875351
2013-04-18,22.465913772583008,22.475849151611328,21.979034423828125,22.088333129882812,14.512182235717773,2153121
2013-04-19,22.098270416259766,22.12807846069336,21.705787658691406,21.97406768798828,14.437111854553223,2844326
2013-04-22,22.00884437561035,22.14298439025879,21.651138305664062,22.013811111450195,14.463221549987793,2343132
2013-04-23,22.202600479125977,22.48578453063965,22.098270416259766,22.4609432220459,14.756987571716309,2605001
2013-04-24,22.451007843017578,22.694446563720703,22.421199798583984,22.555339813232422,14.819009780883789,1969551
2013-04-25,22.62986183166504,22.9577579498291,22.57024383544922,22.68947982788086,14.907137870788574,1698021
2013-04-26,22.684511184692383,22.868331909179688,22.53546714782715,22.654701232910156,14.884291648864746,1662595
2013-04-29,22.669605255126953,23.156484603881836,22.62986183166504,23.037248611450195,15.135629653930664,1494927
2013-04-30,22.97266387939453,23.330368041992188,22.873300552368164,23.275718688964844,15.292305946350098,2277514
2013-05-01,23.146547317504883,23.250877380371094,22.778905868530273,22.798778533935547,14.978950500488281,1581277
2013-05-02,22.89813995361328,23.240942001342773,22.80374526977539,23.231006622314453,15.262929916381836,1731031
2013-05-03,23.479412078857422,23.608583450317383,23.4197940826416,23.489349365234375,15.432660102844238,1965526
2013-05-06,23.509220123291016,23.817245483398438,23.429731369018555,23.762596130371094,15.612186431884766,1914803
2013-05-07,23.757627487182617,23.866926193237305,23.653297424316406,23.847055435180664,15.667675971984863,2277917
2013-05-08,23.812278747558594,24.22960090637207,23.732786178588867,24.19482421875,15.896162033081055,1813759
2013-05-09,24.095460891723633,24.48297691345215,23.951385498046875,24.259410858154297,15.938592910766602,2535558
2013-05-10,24.274314880371094,24.497880935668945,24.174951553344727,24.487943649291992,16.0887451171875,1308136
2013-05-13,24.378644943237305,24.438262939453125,24.12527084350586,24.23953628540039,15.925539016723633,1334907
2013-05-14,24.28921890258789,24.701574325561523,24.274314880371094,24.58730697631836,16.15402603149414,3868251
2013-05-15,24.969852447509766,24.969852447509766,21.636234283447266,22.21253776550293,14.593789100646973,12392776
2013-05-16,21.730627059936523,21.919418334960938,21.079803466796875,21.159292221069336,13.901800155639648,8007429
2013-05-17,21.253686904907227,22.217506408691406,21.22884750366211,22.157888412475586,14.55788516998291,6815030
2013-05-20,22.043621063232422,22.421199798583984,22.043621063232422,22.182729721069336,14.574206352233887,4714444
2013-05-21,22.14298439025879,22.292028427124023,21.9840030670166,22.00884437561035,14.459957122802734,3595715
2013-05-22,21.9840030670166,22.073429107666016,21.412668228149414,21.591520309448242,14.185773849487305,5941866
2013-05-23,21.49712562561035,21.77534294128418,21.42757225036621,21.69088363647461,14.251055717468262,2889413
2013-05-24,21.526935577392578,21.526935577392578,21.13445281982422,21.492158889770508,14.120492935180664,2178885
2013-05-28,21.661075592041016,21.825023651123047,21.372922897338867,21.46234893798828,14.100909233093262,3182280
2013-05-29,21.29840087890625,21.790245056152344,21.2735595703125,21.636234283447266,14.2151517868042,3377725
2013-05-30,21.710756301879883,22.09330177307129,21.65610694885254,22.018779754638672,14.466486930847168,3511981
2013-05-31,21.919418334960938,22.53546714782715,21.909481048583984,22.16285514831543,14.561145782470703,4234183
2013-06-03,22.098270416259766,22.22247314453125,21.755468368530273,22.207569122314453,14.590521812438965,5085609
2013-06-04,22.197633743286133,22.346677780151367,22.103239059448242,22.267187118530273,14.62968921661377,4791133
2013-06-05,22.202600479125977,22.356613159179688,22.088333129882812,22.207569122314453,14.590521812438965,6067265
2013-06-06,22.197633743286133,22.565275192260742,22.133047103881836,22.565275192260742,14.825538635253906,3692129
2013-06-07,22.68947982788086,23.25584602355957,22.227441787719727,23.2210693359375,15.256399154663086,3700583
2013-06-10,23.24591064453125,23.25584602355957,22.873300552368164,22.88820457458496,15.037703514099121,1980622
2013-06-11,22.53546714782715,22.79380989074707,22.33177375793457,22.416231155395508,14.727614402770996,2313544
2013-06-12,22.550371170043945,22.600051879882812,21.88960838317871,21.934322357177734,14.475163459777832,2824600
2013-06-13,21.899545669555664,22.207569122314453,21.72566032409668,22.16285514831543,14.6259765625,1779138
2013-06-14,22.296995162963867,22.560306549072266,22.157888412475586,22.287059783935547,14.70794677734375,3711653
2013-06-17,22.451007843017578,22.684511184692383,22.40132713317871,22.455976486206055,14.819415092468262,2378155
2013-06-18,22.505657196044922,22.823617935180664,22.431135177612305,22.69941520690918,14.980069160461426,2407543
2013-06-19,22.63979721069336,22.80374526977539,22.58017921447754,22.649734497070312,14.947283744812012,2796823
2013-06-20,22.40132713317871,22.47088050842285,21.934322357177734,22.038652420043945,14.544012069702148,4855744
2013-06-21,22.217506408691406,22.217506408691406,21.407699584960938,22.0336856842041,14.540732383728027,4880100
2013-06-24,21.800182342529297,21.839927673339844,21.218910217285156,21.387826919555664,14.11451244354248,3433078
2013-06-25,21.59648895263672,21.82005500793457,21.551776885986328,21.72566032409668,14.337458610534668,2395466
2013-06-26,21.969099044799805,22.103239059448242,21.825023651123047,21.87967300415039,14.439095497131348,2452429
2013-06-27,21.9840030670166,22.371517181396484,21.9840030670166,22.197633743286133,14.648926734924316,2525494
2013-06-28,21.954195022583008,21.954195022583008,21.13445281982422,21.745532989501953,14.350571632385254,5077155
2013-07-01,21.85483169555664,22.396358489990234,21.85483169555664,22.157888412475586,14.622700691223145,2771260
2013-07-02,22.098270416259766,22.321836471557617,21.97406768798828,22.113174438476562,14.593189239501953,2381175
2013-07-03,22.00884437561035,22.79380989074707,22.00884437561035,22.644765853881836,14.944002151489258,1871527
2013-07-05,22.788841247558594,23.111770629882812,22.749095916748047,23.08196258544922,15.232522964477539,2502951
2013-07-08,23.136611938476562,23.63839340209961,23.136611938476562,23.380050659179688,15.429243087768555,3423618
2013-07-09,23.558902740478516,23.678138732910156,23.35024070739746,23.489349365234375,15.501372337341309,3651269
2013-07-10,23.474443435668945,23.583742141723633,23.355209350585938,23.54399871826172,15.537436485290527,2160166
2013-07-11,23.822214126586914,23.866926193237305,23.58871078491211,23.698009490966797,15.639074325561523,1978207
2013-07-12,23.737756729125977,23.842086791992188,23.628456115722656,23.74272346496582,15.668584823608398,1596776
2013-07-15,23.68310546875,23.747692108154297,23.464508056640625,23.668201446533203,15.619404792785645,1413206
2013-07-16,23.722850799560547,23.807308197021484,23.156484603881836,23.240942001342773,15.337441444396973,2667801
2013-07-17,23.260814666748047,23.404890060424805,23.131643295288086,23.196229934692383,15.307938575744629,1464332
2013-07-18,23.196229934692383,23.563871383666992,23.146547317504883,23.295591354370117,15.37350082397461,2838690
2013-07-19,23.240942001342773,23.63839340209961,23.226036071777344,23.54399871826172,15.537436485290527,1812953
2013-07-22,23.534061431884766,23.722850799560547,23.449604034423828,23.62348747253418,15.589896202087402,1046066
2013-07-23,23.688074111938477,23.747692108154297,23.394954681396484,23.583742141723633,15.563666343688965,1297670
2013-07-24,23.727819442749023,23.891767501831055,23.534061431884766,23.61355209350586,15.58333683013916,1072636
2013-07-25,23.558902740478516,23.83711814880371,23.355209350585938,23.807308197021484,15.711197853088379,1766457
2013-07-26,23.57877540588379,23.74272346496582,23.35024070739746,23.727819442749023,15.658746719360352,1216150
2013-07-29,23.633424758911133,23.727819442749023,23.380050659179688,23.509220123291016,15.514486312866211,959313
2013-07-30,23.68310546875,23.80234146118164,23.583742141723633,23.598648071289062,15.573502540588379,1720162
2013-07-31,23.698009490966797,23.951385498046875,23.618520736694336,23.678138732910156,15.625967025756836,2241484
2013-08-01,24.00603485107422,24.532657623291016,23.9464168548584,24.463102340698242,16.143983840942383,2318978
2013-08-02,24.343868255615234,24.547561645507812,24.145143508911133,24.53762435913086,16.19316291809082,2324212
2013-08-05,24.49291229248047,24.97978973388672,24.398517608642578,24.935075759887695,16.45545196533203,2131785
2013-08-06,24.9201717376709,24.949981689453125,24.557498931884766,24.82080841064453,16.38004493713379,2763410
2013-08-07,25.51137924194336,27.225387573242188,25.50144386291504,26.92729949951172,17.770185470581055,9222976
2013-08-08,26.723604202270508,26.748445510864258,25.86908531188965,25.908830642700195,17.09807014465332,5447918
2013-08-09,25.859149932861328,26.251632690429688,25.75978660583496,25.874053955078125,17.075117111206055,3892808
2013-08-12,25.764755249023438,26.21188735961914,25.75978660583496,25.898895263671875,17.09151840209961,3145244
2013-08-13,25.898895263671875,26.162206649780273,25.739913940429688,25.968448638916016,17.137405395507812,2689137
2013-08-14,26.01316261291504,26.132396697998047,25.829341888427734,25.938640594482422,17.117734909057617,2133597
2013-08-15,25.635583877563477,25.695201873779297,25.372272491455078,25.486539840698242,16.819379806518555,1495732
2013-08-16,25.461698532104492,25.90386390686035,25.38220977783203,25.610742568969727,16.901350021362305,1671653
2013-08-19,25.496475219726562,25.834308624267578,25.327558517456055,25.347431182861328,16.727581024169922,2130980
2013-08-20,25.402080535888672,25.993289947509766,25.377241134643555,25.883989334106445,17.0816707611084,2078848
2013-08-21,25.799531936645508,25.814437866210938,25.163610458374023,25.198387145996094,16.629222869873047,1862268
2013-08-22,25.228195190429688,25.789596557617188,25.193418502807617,25.630615234375,16.914464950561523,1303909
2013-08-23,25.710105895996094,25.78462791442871,25.50144386291504,25.600807189941406,16.89478874206543,1066798
2013-08-26,25.541189193725586,25.754819869995117,25.471635818481445,25.50144386291504,16.829221725463867,1208099
2013-08-27,25.21329116821289,25.26297378540039,24.88042640686035,24.9052677154541,16.435781478881836,1595367
2013-08-28,24.94501304626465,25.223228454589844,24.84564971923828,24.84564971923828,16.396434783935547,1420855
2013-08-29,24.721446990966797,25.138769149780273,24.721446990966797,25.01456642150879,16.507909774780273,1058948
2013-08-30,24.969852447509766,25.09902572631836,24.731382369995117,24.915203094482422,16.507909774780273,2172444
2013-09-03,25.29775047302246,25.541189193725586,24.875459671020508,25.069215774536133,16.609952926635742,2197001
2013-09-04,25.054311752319336,25.461698532104492,24.964885711669922,25.248069763183594,16.72845458984375,2324010
2013-09-05,25.193418502807617,25.292781829833984,25.103992462158203,25.1685791015625,16.6757869720459,1824024
2013-09-06,25.223228454589844,25.32259178161621,24.910236358642578,25.08411979675293,16.61983299255371,1480636
2013-09-09,25.193418502807617,25.39214515686035,25.17851448059082,25.243101119995117,16.725168228149414,1503984
2013-09-10,25.4169864654541,25.496475219726562,25.248069763183594,25.26297378540039,16.738330841064453,2092938
2013-09-11,25.436857223510742,26.077747344970703,25.292781829833984,25.983352661132812,17.215627670288086,2661561
2013-09-12,25.91876792907715,26.033035278320312,25.531253814697266,25.556093215942383,16.932546615600586,1372547
2013-09-13,25.660423278808594,25.898895263671875,25.566030502319336,25.645519256591797,16.99178695678711,1414011
2013-09-16,25.993289947509766,26.311250686645508,25.963481903076172,26.157238006591797,17.330841064453125,2068583
2013-09-17,26.157238006591797,26.42551612854004,25.983352661132812,26.336090087890625,17.4493465423584,1497946
2013-09-18,26.33112335205078,26.584497451782227,25.874053955078125,26.490102767944336,17.551387786865234,1754581
2013-09-19,26.490102767944336,26.644115447998047,26.196983337402344,26.201950073242188,17.36046600341797,2091327
2013-09-20,26.216856002807617,26.291378021240234,25.824373245239258,25.839277267456055,17.12017250061035,3710647
2013-09-23,25.79456329345703,25.91876792907715,25.575965881347656,25.729978561401367,17.047752380371094,1457086
2013-09-24,25.764755249023438,26.11749267578125,25.73494529724121,25.78462791442871,17.083959579467773,1973376
2013-09-25,25.779659271240234,25.948575973510742,25.69023323059082,25.710105895996094,17.034582138061523,1792221
2013-09-26,25.6802978515625,25.90386390686035,25.630615234375,25.739913940429688,17.054338455200195,1210917
2013-09-27,25.610742568969727,25.883989334106445,25.51137924194336,25.84424591064453,17.12346076965332,1239096
2013-09-30,25.635583877563477,25.829341888427734,25.39214515686035,25.705137252807617,17.031295776367188,1160797
2013-10-01,25.710105895996094,26.028066635131836,25.675329208374023,25.829341888427734,17.113584518432617,1862872
2013-10-02,25.62067985534668,25.958511352539062,25.590869903564453,25.908830642700195,17.166255950927734,1113899
2013-10-03,25.720041275024414,25.829341888427734,25.521316528320312,25.610742568969727,16.968751907348633,1325245
2013-10-04,25.59583854675293,26.008193969726562,25.52628517150879,25.79456329345703,17.090543746948242,1037411
2013-10-07,25.57099723815918,25.605775833129883,25.23813247680664,25.27290916442871,16.74492073059082,2319179
2013-10-08,25.26297378540039,25.33252716064453,24.473039627075195,24.825777053833008,16.44866371154785,3135180
2013-10-09,24.87049102783203,24.935075759887695,24.507816314697266,24.711509704589844,16.37295150756836,2474167
2013-10-10,25.029470443725586,25.556093215942383,25.019535064697266,25.551124572753906,16.92925262451172,1801883
2013-10-11,25.421953201293945,25.998258590698242,25.40704917907715,25.908830642700195,17.166255950927734,3060906
2013-10-14,25.754819869995117,25.943607330322266,25.6802978515625,25.90386390686035,17.162965774536133,1369930
2013-10-15,25.75978660583496,26.008193969726562,25.739913940429688,25.769723892211914,17.07408332824707,2703831
2013-10-16,25.998258590698242,26.052907943725586,25.834308624267578,26.01316261291504,17.235382080078125,2136012
2013-10-17,25.824373245239258,26.385772705078125,25.65545654296875,26.33112335205078,17.446048736572266,2281741
2013-10-18,26.435453414916992,26.53481674194336,26.052907943725586,26.10755729675293,17.297929763793945,1581076
2013-10-21,26.147302627563477,26.3410587310791,26.10755729675293,26.311250686645508,17.432884216308594,1425686
2013-10-22,26.31621742248535,26.723604202270508,26.241695404052734,26.375835418701172,17.47567367553711,1507406
2013-10-23,26.17711067199707,26.346027374267578,25.8939266204834,25.923736572265625,17.176132202148438,1314779
2013-10-24,25.923736572265625,26.04793930053711,25.70016860961914,25.720041275024414,17.041168212890625,1172673
2013-10-25,25.744882583618164,25.809467315673828,25.630615234375,25.744882583618164,17.05762481689453,1565778
2013-10-28,25.764755249023438,25.933671951293945,25.66539192199707,25.70016860961914,17.02800178527832,1714124
2013-10-29,25.834308624267578,26.062843322753906,25.789596557617188,25.829341888427734,17.113584518432617,2342528
2013-10-30,25.804500579833984,25.963481903076172,25.412017822265625,25.635583877563477,16.98521614074707,2444780
2013-10-31,24.438262939453125,24.840681076049805,23.250877380371094,24.473039627075195,16.21495246887207,7996560
2013-11-01,24.59724235534668,25.094057083129883,24.46807289123535,25.034439086914062,16.586915969848633,3764591
2013-11-04,25.079151153564453,25.218259811401367,24.89533042907715,25.044374465942383,16.59349822998047,2340515
2013-11-05,25.03940773010254,25.377241134643555,24.890363693237305,25.21329116821289,16.705411911010742,3403288
2013-11-06,25.302717208862305,25.44182586669922,25.15864372253418,25.4318904876709,16.850250244140625,2363462
2013-11-07,25.45673179626465,25.69023323059082,24.964885711669922,24.999662399291992,16.563873291015625,1995517
2013-11-08,24.95494842529297,25.397113800048828,24.850618362426758,25.352399826049805,16.79758071899414,1648103
2013-11-11,25.347431182861328,25.541189193725586,25.292781829833984,25.4318904876709,16.850250244140625,1383416
2013-11-12,25.337495803833008,25.774690628051758,25.312654495239258,25.754819869995117,17.06422233581543,1528340
2013-11-13,25.660423278808594,26.28144073486328,25.580934524536133,26.27150535583496,17.406551361083984,2114072
2013-11-14,26.256601333618164,26.480167388916016,26.192014694213867,26.470230102539062,17.53821563720703,1824427
2013-11-15,26.385772705078125,26.693796157836914,26.36590003967285,26.624242782592773,17.640260696411133,2199014
2013-11-18,26.63914680480957,26.79315948486328,26.579530715942383,26.634178161621094,17.64684295654297,1947410
2013-11-19,26.59443473815918,26.857744216918945,26.549720764160156,26.6043701171875,17.627098083496094,3249911
2013-11-20,26.59443473815918,26.763351440429688,26.29634666442871,26.400676727294922,17.49213218688965,1629182
2013-11-21,26.435453414916992,26.79315948486328,26.420549392700195,26.753414154052734,17.725847244262695,1305318
2013-11-22,26.718637466430664,26.718637466430664,26.326154708862305,26.460294723510742,17.531631469726562,2207266
2013-11-25,26.465261459350586,26.559656143188477,26.221824645996094,26.256601333618164,17.39667510986328,1422062
2013-11-26,26.31621742248535,26.370868682861328,26.042970657348633,26.167173385620117,17.337421417236328,1744517
2013-11-27,26.167173385620117,26.29634666442871,26.01316261291504,26.18704605102539,17.35059356689453,1028957
2013-11-29,26.256601333618164,26.261568069458008,26.097620010375977,26.142333984375,17.32096290588379,419876
2013-12-02,26.142333984375,26.291378021240234,25.95354461669922,26.201950073242188,17.36046600341797,1153551
2013-12-03,26.033035278320312,26.375835418701172,26.033035278320312,26.142333984375,17.32096290588379,2320588
2013-12-04,26.062843322753906,26.753414154052734,26.062843322753906,26.634178161621094,17.64684295654297,3477763
2013-12-05,26.579530715942383,26.619274139404297,26.201950073242188,26.326154708862305,17.442758560180664,1932515
2013-12-06,26.44042205810547,26.93723487854004,26.30628204345703,26.872650146484375,17.804845809936523,2249133
2013-12-09,26.857744216918945,26.897489547729492,26.420549392700195,26.500038146972656,17.557968139648438,1712111
2013-12-10,26.41558074951172,26.862712860107422,26.400676727294922,26.455326080322266,17.528345108032227,2040805
2013-12-11,26.480167388916016,26.56959342956543,26.24666404724121,26.286409378051758,17.416427612304688,1569401
2013-12-12,26.15226936340332,26.15226936340332,25.898895263671875,26.008193969726562,17.23208999633789,1398915
2013-12-13,26.10755729675293,26.256601333618164,25.864118576049805,25.993289947509766,17.222211837768555,1962104
2013-12-16,26.132396697998047,26.48513412475586,26.08271598815918,26.3410587310791,17.452634811401367,2015444
2013-12-17,26.28144073486328,26.53481674194336,26.137365341186523,26.336090087890625,17.4493465423584,1906550
2013-12-18,26.514944076538086,26.59443473815918,25.938640594482422,26.554689407348633,17.594179153442383,2667197
2013-12-19,26.728574752807617,27.12602424621582,26.579530715942383,27.001821517944336,17.890426635742188,2685715
2013-12-20,27.06640625,27.260164260864258,26.634178161621094,27.24526023864746,18.051721572875977,2593930
2013-12-23,27.275068283081055,27.513538360595703,27.23035430908203,27.285005569458008,18.078054428100586,1890045
2013-12-24,27.22041893005371,27.60296630859375,27.22041893005371,27.58806037902832,18.278854370117188,660811
2013-12-26,27.528444290161133,27.677488327026367,27.468826293945312,27.597997665405273,18.351530075073242,954483
2013-12-27,27.722200393676758,27.7768497467041,27.488697052001953,27.63774299621582,18.377962112426758,935965
2013-12-30,27.667551040649414,27.811626434326172,27.593029022216797,27.737104415893555,18.444028854370117,767088
2013-12-31,27.821563720703125,27.92092514038086,27.70729637145996,27.761945724487305,18.460546493530273,976825
2014-01-02,27.722200393676758,27.846403121948242,27.563220977783203,27.617870330810547,18.364744186401367,1704261
2014-01-03,27.642711639404297,27.915958404541016,27.627805709838867,27.761945724487305,18.460546493530273,1086524
2014-01-06,27.8265323638916,27.861309051513672,27.35455894470215,27.60296630859375,18.354833602905273,1989277
2014-01-07,27.667551040649414,27.86627769470215,27.50857162475586,27.64767837524414,18.384567260742188,1612677
2014-01-08,27.64767837524414,28.055065155029297,27.54334831237793,27.70729637145996,18.42421531677246,2658341
2014-01-09,27.796722412109375,27.995447158813477,27.73213768005371,27.90105438232422,18.553049087524414,2207468
2014-01-10,27.950735092163086,27.985511779785156,27.67251968383789,27.74207305908203,18.44733428955078,1371742
2014-01-13,27.722200393676758,27.81659507751465,27.165769577026367,27.200546264648438,18.087242126464844,1668835
2014-01-14,27.324750900268555,27.747041702270508,27.17570686340332,27.747041702270508,18.450639724731445,1835698
2014-01-15,27.712265014648438,27.985511779785156,27.712265014648438,27.92092514038086,18.566268920898438,1201255
2014-01-16,27.8414363861084,28.0401611328125,27.796722412109375,27.871244430541992,18.533231735229492,870346
2014-01-17,27.806659698486328,27.87621307373047,27.51850700378418,27.548315048217773,18.318492889404297,1347990
2014-01-21,27.74207305908203,27.79175567626953,27.404239654541016,27.597997665405273,18.351530075073242,1324642
2014-01-22,27.573156356811523,28.52703857421875,27.498634338378906,28.373027801513672,18.866891860961914,3620070
2014-01-23,28.20410919189453,28.31340980529785,27.503602981567383,27.76691436767578,18.463855743408203,3003541
2014-01-24,27.478761672973633,27.60296630859375,26.96207618713379,26.96207618713379,17.928668975830078,2565348
2014-01-27,26.957107543945312,27.15086555480957,26.480167388916016,26.529848098754883,17.641258239746094,2666191
2014-01-28,26.539783477783203,26.75838279724121,26.45035743713379,26.668956756591797,17.73375701904297,2075024
2014-01-29,26.336090087890625,26.907426834106445,26.291378021240234,26.847808837890625,17.852685928344727,2766228
2014-01-30,27.041566848754883,27.44895362854004,26.8527774810791,27.404239654541016,18.222684860229492,2483225
2014-01-31,28.377994537353516,30.6981143951416,27.64767837524414,30.01251220703125,19.957080841064453,12088034
2014-02-03,29.88334083557129,30.206268310546875,29.058629989624023,29.10831069946289,19.355825424194336,6584964
2014-02-04,29.217609405517578,29.272258758544922,28.79034996032715,29.0635986328125,19.326099395751953,3456427
2014-02-05,28.949331283569336,29.013916015625,28.407804489135742,28.770477294921875,19.131183624267578,3466491
2014-02-06,28.90958595275879,29.11824607849121,28.795318603515625,29.00398063659668,19.286449432373047,2490874
2014-02-07,29.11824607849121,29.903213500976562,29.11824607849121,29.838626861572266,19.841459274291992,3628926
2014-02-10,29.759136199951172,29.972766876220703,29.590219497680664,29.937990188598633,19.90753173828125,1790007
2014-02-11,29.91811752319336,30.62856101989746,29.83365821838379,30.464611053466797,20.257713317871094,3316535
2014-02-12,30.449708938598633,30.63849639892578,30.390090942382812,30.529197692871094,20.300657272338867,2506171
2014-02-13,30.385122299194336,30.99620246887207,30.265886306762695,30.956457138061523,20.584768295288086,2299051
2014-02-14,30.822317123413086,30.90180778503418,30.59378433227539,30.66333770751953,20.389854431152344,2150303
2014-02-18,30.91671371459961,31.363845825195312,30.90180778503418,31.239641189575195,20.7730770111084,2287578
2014-02-19,31.25951385498047,31.627155303955078,31.016075134277344,31.070724487304688,20.660751342773438,3160743
2014-02-20,30.991235733032227,31.17505645751953,30.802444458007812,30.976329803466797,20.597984313964844,1754783
2014-02-21,31.065757751464844,31.2098331451416,30.90180778503418,30.90180778503418,20.548431396484375,1982031
2014-02-24,30.896839141845703,31.66193389892578,30.86703109741211,31.49798583984375,20.944860458374023,2390434
2014-02-25,31.37874984741211,31.54269790649414,31.219768524169922,31.44830322265625,20.91182518005371,2224375
2014-02-26,31.532760620117188,31.845754623413086,31.45823860168457,31.60231590270996,21.014236450195312,2228602
2014-02-27,31.527793884277344,31.597347259521484,31.180023193359375,31.433399200439453,20.901918411254883,1673263
2014-02-28,31.453271865844727,31.74639129638672,31.15021514892578,31.398622512817383,20.8787899017334,2339912
2014-03-03,31.155183792114258,31.194927215576172,30.742828369140625,30.90180778503418,20.548431396484375,2269664
2014-03-04,31.304227828979492,31.502952575683594,31.214801788330078,31.299259185791016,20.81271743774414,2316965
2014-03-05,31.393653869628906,31.408557891845703,30.99620246887207,31.075693130493164,20.66405487060547,1935736
2014-03-06,31.1601505279541,31.304227828979492,31.065757751464844,31.09059715270996,20.67396354675293,1694398
2014-03-07,31.557601928710938,31.84078598022461,31.050851821899414,31.279386520385742,20.799503326416016,5476299
2014-03-10,31.120405197143555,31.2098331451416,30.66333770751953,30.817350387573242,20.492267608642578,1796046
2014-03-11,30.9117431640625,31.095565795898438,30.782573699951172,30.89187240600586,20.541826248168945,1878974
2014-03-12,30.767667770385742,30.812381744384766,30.469579696655273,30.74779510498047,20.44601821899414,2163789
2014-03-13,30.921680450439453,31.15021514892578,30.360280990600586,30.47454833984375,20.264314651489258,2114475
2014-03-14,30.395057678222656,30.77263641357422,30.395057678222656,30.668306350708008,20.393157958984375,2786357
2014-03-17,30.802444458007812,31.095565795898438,30.752763748168945,30.981298446655273,20.60128402709961,1701644
2014-03-18,31.011106491088867,31.54269790649414,30.92664909362793,31.408557891845703,20.885395050048828,2946779
2014-03-19,31.418493270874023,31.562570571899414,31.011106491088867,31.418493270874023,20.89200210571289,2644654
2014-03-20,31.25951385498047,31.63709259033203,31.18499183654785,31.47314453125,20.99473762512207,1882799
2014-03-21,31.617219924926758,31.691741943359375,31.309194564819336,31.37874984741211,20.931774139404297,2904308
2014-03-24,31.403589248657227,31.488048553466797,30.668306350708008,30.871999740600586,20.593738555908203,1856431
2014-03-25,31.026012420654297,31.095565795898438,30.573911666870117,30.762699127197266,20.520822525024414,1611469
2014-03-26,30.852127075195312,30.96142578125,30.216205596923828,30.216205596923828,20.156278610229492,1538806
2014-03-27,30.246013641357422,30.265886306762695,29.808818817138672,29.85849952697754,19.917667388916016,2546830
2014-03-28,29.913148880004883,30.330472946166992,29.83365821838379,29.95289421081543,19.980632781982422,1666218
2014-03-31,30.08206558227539,30.400026321411133,30.04728889465332,30.216205596923828,20.156278610229492,2446591
2014-04-01,30.31060028076172,30.693145751953125,30.216205596923828,30.554039001464844,20.381635665893555,2837885
2014-04-02,30.55900764465332,30.802444458007812,30.549070358276367,30.703083038330078,20.481060028076172,2703026
2014-04-03,30.633529663085938,30.896839141845703,30.34537696838379,30.494421005249023,20.341867446899414,1425484
2014-04-04,30.62856101989746,30.727922439575195,30.007543563842773,30.216205596923828,20.156278610229492,2009808
2014-04-07,30.191364288330078,30.265886306762695,29.44117546081543,29.634933471679688,19.768526077270508,1752971
2014-04-08,29.64487075805664,29.99760627746582,29.456079483032227,29.888307571411133,19.937545776367188,1870118
2014-04-09,29.99760627746582,30.231109619140625,29.813785552978516,30.131746292114258,20.099933624267578,1357249
2014-04-10,30.121810913085938,30.171491622924805,29.247419357299805,29.2772274017334,19.5299129486084,1639246
2014-04-11,29.212642669677734,29.461048126220703,28.770477294921875,28.84003257751465,19.238277435302734,1668634
2014-04-14,28.954299926757812,29.639902114868164,28.91952133178711,29.605125427246094,19.748641967773438,2395063
2014-04-15,29.7243595123291,29.947925567626953,29.297100067138672,29.838626861572266,19.90440559387207,2238063
2014-04-16,30.02244758605957,30.40499496459961,29.972766876220703,30.395057678222656,20.275583267211914,1996121
2014-04-17,30.305631637573242,30.43977165222168,30.08206558227539,30.34537696838379,20.24244499206543,1594562
2014-04-21,30.111873626708984,30.385122299194336,30.111873626708984,30.231109619140625,20.16621971130371,859678
2014-04-22,30.161556243896484,30.32053565979004,30.04728889465332,30.161556243896484,20.11981964111328,1436756
2014-04-23,30.161556243896484,30.26091957092285,29.76410484313965,29.77404022216797,19.861326217651367,1579466
2014-04-24,29.96282958984375,29.96282958984375,29.39646339416504,29.44117546081543,19.639284133911133,1993303
2014-04-25,29.31200408935547,29.321941375732422,28.934425354003906,28.939393997192383,19.3045597076416,2008198
2014-04-28,29.247419357299805,29.31200408935547,28.546911239624023,28.894681930541992,19.274728775024414,1841938
2014-04-29,29.02882194519043,29.172897338867188,28.77544593811035,29.10831069946289,19.417234420776367,1741699
2014-04-30,29.013916015625,29.436208724975586,28.959266662597656,29.401430130004883,19.612768173217773,1497543
2014-05-01,29.366653442382812,29.719392776489258,29.138120651245117,29.485889434814453,19.669109344482422,1517672
2014-05-02,29.480920791625977,29.734296798706055,29.446144104003906,29.480920791625977,19.665796279907227,733474
2014-05-05,29.42130470275879,29.56041145324707,29.128183364868164,29.505762100219727,19.68235969543457,988499
2014-05-06,29.520666122436523,29.520666122436523,29.023853302001953,29.078502655029297,19.397356033325195,1414212
2014-05-07,29.09837532043457,29.232513427734375,28.581687927246094,28.82512664794922,19.228330612182617,1777528
2014-05-08,28.80028533935547,29.16792869567871,28.666147232055664,28.835063934326172,19.234966278076172,2579035
2014-05-09,29.16792869567871,32.153778076171875,28.830095291137695,30.99620246887207,20.676586151123047,11502905
2014-05-12,31.02104377746582,31.12537384033203,30.757732391357422,30.86703109741211,20.590425491333008,2910347
2014-05-13,30.683210372924805,30.946521759033203,30.56894302368164,30.62856101989746,20.431344985961914,2682495
2014-05-14,30.57887840270996,30.63849639892578,30.350345611572266,30.385122299194336,20.268957138061523,1668634
2014-05-15,30.35531234741211,30.489452362060547,30.092002868652344,30.419898986816406,20.292152404785156,2502548
2014-05-16,30.22614288330078,30.330472946166992,29.91811752319336,30.255950927734375,20.182788848876953,1787994
2014-05-19,30.126779556274414,30.573911666870117,29.99760627746582,30.4993896484375,20.345182418823242,1180724
2014-05-20,30.494421005249023,30.72295570373535,30.360280990600586,30.375186920166016,20.2623291015625,2252756
2014-05-21,30.400026321411133,30.484485626220703,30.20130157470703,30.395057678222656,20.275583267211914,992928
2014-05-22,30.390090942382812,30.54410171508789,30.221172332763672,30.35531234741211,20.249069213867188,934556
2014-05-23,30.459644317626953,30.683210372924805,30.37021827697754,30.623592376708984,20.42803192138672,1050092
2014-05-27,30.717987060546875,30.97136116027832,30.7130184173584,30.852127075195312,20.580482482910156,2247925
2014-05-28,30.802444458007812,30.97136116027832,30.802444458007812,30.83225440979004,20.567224502563477,1933119
2014-05-29,30.896839141845703,31.254545211791992,30.86703109741211,31.08066177368164,20.732929229736328,3693538
2014-05-30,31.05582046508789,31.274417877197266,31.011106491088867,31.244609832763672,20.842294692993164,2526299
2014-06-02,31.194927215576172,31.29429054260254,30.752763748168945,30.991235733032227,20.67327880859375,2264028
2014-06-03,31.006139755249023,31.194927215576172,30.871999740600586,31.17505645751953,20.7958927154541,2259197
2014-06-04,31.05582046508789,31.443334579467773,30.931617736816406,31.339004516601562,20.905263900756836,1861664
2014-06-05,31.41352653503418,31.478111267089844,31.274417877197266,31.373781204223633,20.928457260131836,1208501
2014-06-06,31.43836784362793,31.666900634765625,31.408557891845703,31.587411880493164,21.070964813232422,1733044
2014-06-09,31.597347259521484,31.78116798400879,31.49301528930664,31.642059326171875,21.107421875,2604196
2014-06-10,31.49301528930664,31.681806564331055,31.49301528930664,31.617219924926758,21.16729164123535,2024099
2014-06-11,31.55263328552246,31.66193389892578,31.433399200439453,31.592378616333008,21.15066146850586,2354404
2014-06-12,31.49301528930664,31.547666549682617,31.120405197143555,31.194927215576172,20.884567260742188,2204046
2014-06-13,31.229705810546875,31.547666549682617,31.2098331451416,31.43836784362793,21.047550201416016,1643071
2014-06-16,31.428430557250977,31.527793884277344,31.2247371673584,31.32906723022461,20.974374771118164,1274120
2014-06-17,31.383716583251953,31.6718692779541,31.363845825195312,31.572507858276367,21.137357711791992,1179114
2014-06-18,31.522825241088867,31.651996612548828,31.38868522644043,31.61225128173828,21.16396141052246,1317798
2014-06-19,31.627155303955078,31.731487274169922,31.4234619140625,31.676837921142578,21.20720100402832,1381202
2014-06-20,31.6867733001709,31.920276641845703,31.622188568115234,31.80600929260254,21.293685913085938,2212902
2014-06-23,31.845754623413086,31.91033935546875,31.716583251953125,31.83085060119629,21.310306549072266,1349198
2014-06-24,31.751359939575195,31.960020065307617,31.751359939575195,31.761295318603516,21.263742446899414,2105619
2014-06-25,31.7364559173584,31.87556266784668,31.656965255737305,31.791105270385742,21.28370475769043,1246141
2014-06-26,31.761295318603516,31.791105270385742,31.299259185791016,31.38868522644043,21.014293670654297,1512237
2014-06-27,31.304227828979492,31.43836784362793,31.1601505279541,31.279386520385742,20.94111442565918,2342528
2014-06-30,31.393653869628906,31.895435333251953,31.304227828979492,31.398622512817383,21.02094268798828,1833484
2014-07-01,31.547666549682617,31.99479866027832,31.47314453125,31.786136627197266,21.280372619628906,2273086
2014-07-02,31.69671058654785,32.034542083740234,31.66193389892578,31.791105270385742,21.28370475769043,1627170
2014-07-03,31.825881958007812,31.964988708496094,31.810977935791016,31.925243377685547,21.373506546020508,870749
2014-07-07,31.915307998657227,32.02460861206055,31.716583251953125,31.7215518951416,21.23714256286621,1252784
2014-07-08,31.264482498168945,31.647029876708984,31.23467254638672,31.264482498168945,20.931137084960938,2223771
2014-07-09,31.26944923400879,31.716583251953125,31.26944923400879,31.44830322265625,21.0542049407959,1847574
2014-07-10,31.065757751464844,31.289323806762695,31.001171112060547,31.155183792114258,20.85796546936035,1567791
2014-07-11,31.189960479736328,31.348939895629883,31.060789108276367,31.1601505279541,20.86128807067871,1355438
2014-07-14,31.403589248657227,31.468175888061523,31.135311126708984,31.15021514892578,20.854639053344727,1343763
2014-07-15,31.15021514892578,31.299259185791016,31.026012420654297,31.155183792114258,20.85796546936035,2054090
2014-07-16,31.299259185791016,31.512889862060547,31.2247371673584,31.50792121887207,21.0941162109375,2426664
2014-07-17,31.418493270874023,32.05441665649414,31.398622512817383,31.69671058654785,21.220508575439453,2355410
2014-07-18,31.880531311035156,31.940149307250977,31.617219924926758,31.71161460876465,21.230485916137695,1659375
2014-07-21,31.587411880493164,31.617219924926758,31.25951385498047,31.567537307739258,21.134033203125,1203469
2014-07-22,31.701677322387695,32.18358612060547,31.642059326171875,32.133907318115234,21.51320457458496,1578459
2014-07-23,32.12397003173828,32.32766342163086,31.9351806640625,32.292884826660156,21.619640350341797,1634818
2014-07-24,32.292884826660156,32.55122756958008,32.178619384765625,32.248172760009766,21.589704513549805,1659173
2014-07-25,32.19352340698242,32.38727951049805,32.04944610595703,32.18855667114258,21.54979705810547,940393
2014-07-28,32.198490142822266,32.248172760009766,31.984861373901367,32.07428741455078,21.473289489746094,2428073
2014-07-29,32.18855667114258,32.292884826660156,31.955053329467773,31.955053329467773,21.393465042114258,1409985
2014-07-30,32.07428741455078,32.158748626708984,31.77123260498047,31.915307998657227,21.366859436035156,1163213
2014-07-31,31.7215518951416,31.83085060119629,30.703083038330078,30.99620246887207,20.75152587890625,2757573
2014-08-01,30.847158432006836,31.25951385498047,30.827285766601562,31.12537384033203,20.83800506591797,2019470
2014-08-04,31.130342483520508,31.309194564819336,30.886903762817383,31.194927215576172,20.884567260742188,1318201
2014-08-05,31.095565795898438,31.28435516357422,30.827285766601562,30.981298446655273,20.741548538208008,1690574
2014-08-06,30.77263641357422,31.1601505279541,30.752763748168945,30.852127075195312,20.655073165893555,1627975
2014-08-07,30.981298446655273,31.100534439086914,30.454675674438477,30.469579696655273,20.398962020874023,2340717
2014-08-08,29.351749420166016,29.565378189086914,28.2885684967041,28.566783905029297,19.12506866455078,5932406
2014-08-11,28.71582794189453,29.247419357299805,28.710859298706055,29.113279342651367,19.490938186645508,3378128
2014-08-12,29.033788681030273,29.212642669677734,28.76551055908203,28.810222625732422,19.288049697875977,2810712
2014-08-13,28.954299926757812,29.148056030273438,28.785381317138672,29.07353401184082,19.464324951171875,3150678
2014-08-14,29.17786407470703,29.307035446166992,29.07353401184082,29.197736740112305,19.5474796295166,1601405
2014-08-15,29.31200408935547,29.525634765625,29.018884658813477,29.222578048706055,19.564109802246094,2031949
2014-08-18,29.46601676940918,29.759136199951172,29.33684539794922,29.624996185302734,19.833524703979492,1865086
2014-08-19,29.610092163085938,29.754169464111328,29.610092163085938,29.729328155517578,19.90337371826172,1001784
2014-08-20,29.74920082092285,29.89327621459961,29.639902114868164,29.808818817138672,19.95659065246582,2375740
2014-08-21,29.808818817138672,30.146650314331055,29.769073486328125,30.027416229248047,20.10293960571289,1428101
2014-08-22,29.992639541625977,30.10690689086914,29.69951820373535,29.709455490112305,19.89006805419922,1372346
2014-08-25,29.818754196166992,29.937990188598633,29.65480613708496,29.793914794921875,19.94661521911621,966560
2014-08-26,29.7392635345459,29.957862854003906,29.62996482849121,29.83365821838379,19.973222732543945,1506601
2014-08-27,29.91811752319336,30.042320251464844,29.77404022216797,30.007543563842773,20.089635848999023,1956267
2014-08-28,29.843595504760742,29.957862854003906,29.62996482849121,29.79888153076172,19.949939727783203,1212326
2014-08-29,29.793914794921875,29.793914794921875,29.495826721191406,29.704486846923828,19.96329116821289,1533774
2014-09-02,29.7889461517334,30.01251220703125,29.67964744567871,29.923084259033203,20.110204696655273,1488284
2014-09-03,29.933021545410156,30.181428909301758,29.79888153076172,29.83365821838379,20.050106048583984,2309518
2014-09-04,29.937990188598633,30.121810913085938,29.69951820373535,29.79888153076172,20.026731491088867,1098400
2014-09-05,29.808818817138672,29.9876708984375,29.71442413330078,29.933021545410156,20.116878509521484,884436
2014-09-08,29.82372283935547,29.947925567626953,29.669710159301758,29.719392776489258,19.973312377929688,1019296
2014-09-09,29.64487075805664,29.64487075805664,29.376590728759766,29.490856170654297,19.819721221923828,1623949
2014-09-10,29.42130470275879,29.7889461517334,29.42130470275879,29.684614181518555,19.949939727783203,926907
2014-09-11,29.600156784057617,29.7889461517334,29.58525276184082,29.7392635345459,19.986665725708008,1538001
2014-09-12,29.709455490112305,29.848562240600586,29.53557014465332,29.66474151611328,19.93658447265625,2029936
2014-09-15,29.704486846923828,29.77404022216797,29.495826721191406,29.610092163085938,19.899850845336914,1737674
2014-09-16,29.615060806274414,29.67964744567871,29.411367416381836,29.550474166870117,19.859786987304688,3349948
2014-09-17,29.53557014465332,29.659774780273438,29.38155746459961,29.40639877319336,19.76296043395996,2550856
2014-09-18,29.470985412597656,29.590219497680664,29.401430130004883,29.411367416381836,19.766298294067383,1701644
2014-09-19,29.53557014465332,29.540538787841797,29.033788681030273,29.162960052490234,19.599349975585938,3273461
2014-09-22,29.018884658813477,29.078502655029297,28.695955276489258,28.71582794189453,19.298852920532227,2430086
2014-09-23,28.576719284057617,28.62143325805664,28.412771224975586,28.43264389038086,19.10853385925293,2043221
2014-09-24,28.38793182373047,28.626401901245117,28.38793182373047,28.536975860595703,19.178651809692383,2372519
2014-09-25,28.42270851135254,28.497230529785156,27.975576400756836,28.13455581665039,18.908201217651367,1893869
2014-09-26,28.174301147460938,28.238887786865234,28.055065155029297,28.13455581665039,18.908201217651367,1336719
2014-09-29,27.990480422973633,30.802444458007812,27.915958404541016,29.62002944946289,19.90653419494629,9472767
2014-09-30,30.017480850219727,30.643465042114258,29.813785552978516,30.38015365600586,20.41738510131836,7755826
2014-10-01,30.330472946166992,30.767667770385742,29.09837532043457,29.307035446166992,19.696182250976562,6051364
2014-10-02,29.316972732543945,29.43124008178711,28.835063934326172,29.16792869567871,19.60269546508789,1820803
2014-10-03,29.386526107788086,29.66474151611328,29.38155746459961,29.39646339416504,19.75628089904785,2406536
2014-10-06,29.639902114868164,29.769073486328125,29.436208724975586,29.436208724975586,19.782995223999023,2120715
2014-10-07,29.282196044921875,29.411367416381836,28.805255889892578,28.8151912689209,19.365633010864258,2193177
2014-10-08,28.8151912689209,29.4759521484375,28.805255889892578,29.426271438598633,19.77631950378418,3139004
2014-10-09,29.401430130004883,29.461048126220703,28.626401901245117,28.636337280273438,19.24542999267578,2388421
2014-10-10,28.656211853027344,28.939393997192383,28.382963180541992,28.382963180541992,19.075145721435547,2815341
2014-10-13,28.437612533569336,28.581687927246094,28.015321731567383,28.015321731567383,18.828062057495117,2096158
2014-10-14,28.08984375,28.223983764648438,27.925893783569336,27.950735092163086,18.784664154052734,2638615
2014-10-15,27.662582397460938,27.90105438232422,27.21048355102539,27.50857162475586,18.487503051757812,2834262
2014-10-16,26.97201156616211,27.64767837524414,26.942203521728516,27.513538360595703,18.490835189819336,2819367
2014-10-17,27.7768497467041,28.119651794433594,27.58806037902832,28.0401611328125,18.844762802124023,1857236
2014-10-20,27.722200393676758,28.179269790649414,27.687423706054688,28.139524459838867,18.911540985107422,1877968
2014-10-21,28.243854522705078,29.411367416381836,28.16933250427246,29.187801361083984,19.616044998168945,4068326
2014-10-22,29.187801361083984,29.525634765625,29.088438034057617,29.148056030273438,19.58933448791504,3048628
2014-10-23,29.436208724975586,29.515697479248047,29.282196044921875,29.37162208557129,19.73958396911621,3084054
2014-10-24,29.4759521484375,29.634933471679688,29.351749420166016,29.58525276184082,19.883161544799805,2281540
2014-10-27,29.456079483032227,29.813785552978516,29.34678077697754,29.555442810058594,19.86312484741211,2517644
2014-10-28,29.46601676940918,29.808818817138672,29.46601676940918,29.694551467895508,19.956615447998047,2092535
2014-10-29,29.694551467895508,29.982702255249023,29.56041145324707,29.878372192382812,20.08016014099121,1918828
2014-10-30,29.92805290222168,29.9876708984375,29.68958282470703,29.828691482543945,20.046764373779297,2405932
2014-10-31,30.126779556274414,30.16652488708496,29.878372192382812,30.007543563842773,20.166967391967773,2223369
2014-11-03,30.032384872436523,30.032384872436523,29.878372192382812,29.908180236816406,20.100187301635742,1783164
2014-11-04,29.903213500976562,30.171491622924805,29.873403549194336,29.913148880004883,20.103527069091797,2326627
2014-11-05,30.037351608276367,30.111873626708984,29.808818817138672,29.99760627746582,20.160289764404297,2970933
2014-11-06,30.037351608276367,30.255950927734375,29.649837493896484,29.65480613708496,19.929906845092773,4588038
2014-11-07,28.209077835083008,29.97773551940918,28.09977912902832,29.64487075805664,19.923227310180664,5933009
2014-11-10,29.615060806274414,29.65480613708496,29.321941375732422,29.46601676940918,19.803028106689453,2638816
2014-11-11,29.485889434814453,29.91811752319336,29.2623233795166,29.908180236816406,20.100187301635742,2687527
2014-11-12,29.853530883789062,30.489452362060547,29.550474166870117,30.429834365844727,20.450769424438477,3627316
2014-11-13,30.519262313842773,30.653400421142578,30.146650314331055,30.63849639892578,20.591007232666016,2635395
2014-11-14,30.653400421142578,30.87696647644043,30.504356384277344,30.683210372924805,20.62105941772461,2488257
2014-11-17,30.678241729736328,31.050851821899414,30.648433685302734,30.99620246887207,20.83140754699707,1779943
2014-11-18,30.956457138061523,31.085628509521484,30.787540435791016,30.812381744384766,20.70787239074707,2076634
2014-11-19,30.752763748168945,30.96142578125,30.554039001464844,30.941553115844727,20.794681549072266,1922250
2014-11-20,30.752763748168945,31.254545211791992,30.63849639892578,31.155183792114258,20.938255310058594,1954053
2014-11-21,31.522825241088867,31.592378616333008,30.85709571838379,31.040916442871094,20.861459732055664,1812551
2014-11-24,31.180023193359375,31.60231590270996,31.045883178710938,31.522825241088867,21.185333251953125,1751965
2014-11-25,31.478111267089844,31.656965255737305,31.25951385498047,31.368812561035156,21.08182716369629,1498751
2014-11-26,31.433399200439453,31.582443237304688,31.2247371673584,31.443334579467773,21.131908416748047,1398512
2014-11-28,31.50792121887207,31.741422653198242,31.368812561035156,31.488048553466797,21.161958694458008,803118
2014-12-01,31.44830322265625,31.766263961791992,31.23467254638672,31.557601928710938,21.208703994750977,1757802
2014-12-02,31.50792121887207,31.85072135925293,31.403589248657227,31.84078598022461,21.39902114868164,1948618
2014-12-03,31.860658645629883,33.28154373168945,31.537729263305664,32.903968811035156,22.11354637145996,5524204
2014-12-04,32.7946662902832,32.879127502441406,32.292884826660156,32.40715408325195,21.779659271240234,3136589
2014-12-05,32.35747146606445,32.63568878173828,32.198490142822266,32.57606887817383,21.893178939819336,2500334
2014-12-08,32.38727951049805,32.55122756958008,31.955053329467773,32.00970458984375,21.512544631958008,1671854
2014-12-09,31.791105270385742,31.890466690063477,31.48307991027832,31.751359939575195,21.33892250061035,2059122
2014-12-10,31.622188568115234,31.74639129638672,31.016075134277344,31.189960479736328,20.961624145507812,3035343
2014-12-11,31.254545211791992,31.45823860168457,30.986265182495117,31.040916442871094,20.861459732055664,2552265
2014-12-12,30.89187240600586,31.075693130493164,30.449708938598633,30.464611053466797,20.47414779663086,2254769
2014-12-15,30.583847045898438,30.827285766601562,30.454675674438477,30.767667770385742,20.677818298339844,2731809
2014-12-16,30.57887840270996,30.946521759033203,30.255950927734375,30.270854949951172,20.343931198120117,1616099
2014-12-17,30.409963607788086,30.9117431640625,30.26091957092285,30.89187240600586,20.76129150390625,1516263
2014-12-18,31.358877182006836,31.656965255737305,31.219768524169922,31.656965255737305,21.275484085083008,1764444
2014-12-19,31.810977935791016,31.964988708496094,31.562570571899414,31.716583251953125,21.315555572509766,2805277
2014-12-22,31.716583251953125,32.014671325683594,31.348939895629883,31.91033935546875,21.445768356323242,1481240
2014-12-23,31.974925994873047,32.109066009521484,31.81594467163086,31.855690002441406,21.409038543701172,1131813
2014-12-24,31.940149307250977,32.16371536254883,31.87556266784668,31.974925994873047,21.48917007446289,371568
2014-12-26,32.02957534790039,32.14384078979492,31.845754623413086,31.870595932006836,21.41905975341797,440809
2014-12-29,31.756328582763672,32.01963806152344,31.716583251953125,31.786136627197266,21.362293243408203,608478
2014-12-30,32.00970458984375,32.292884826660156,31.979894638061523,32.014671325683594,21.515884399414062,1251375
2014-12-31,31.9351806640625,32.04447937011719,31.304227828979492,31.324100494384766,21.127185821533203,1145299
2015-01-02,31.453271865844727,31.587411880493164,30.986265182495117,31.4234619140625,21.194198608398438,1529145
2015-01-05,31.23467254638672,31.28435516357422,30.732891082763672,30.787540435791016,20.765287399291992,1505997
2015-01-06,30.847158432006836,31.065757751464844,30.60371971130371,30.86703109741211,20.818904876708984,2042214
2015-01-07,30.991235733032227,31.2098331451416,30.678241729736328,31.09059715270996,20.969696044921875,1574836
2015-01-08,31.279386520385742,31.627155303955078,31.1601505279541,31.443334579467773,21.207603454589844,2565348
2015-01-09,31.547666549682617,32.014671325683594,31.468175888061523,31.940149307250977,21.54269027709961,1938151
2015-01-12,31.890466690063477,32.039512634277344,31.35390853881836,31.393653869628906,21.17409896850586,2149498
2015-01-13,31.54269790649414,31.96995735168457,31.100534439086914,31.368812561035156,21.15734100341797,2415996
2015-01-14,31.03097915649414,31.617219924926758,30.97136116027832,31.522825241088867,21.261219024658203,2271274
2015-01-15,31.2098331451416,31.49301528930664,30.847158432006836,30.981298446655273,20.895971298217773,1868910
2015-01-16,30.95149040222168,31.274417877197266,30.72295570373535,31.244609832763672,21.07356834411621,2304285
2015-01-20,31.502952575683594,31.726518630981445,31.040916442871094,31.28435516357422,21.100378036499023,1540618
2015-01-21,31.12537384033203,31.28435516357422,30.777605056762695,31.050851821899414,20.942886352539062,1817382
2015-01-22,31.24957847595215,31.57747459411621,31.070724487304688,31.57747459411621,21.29807472229004,2249737
2015-01-23,31.627155303955078,32.30282211303711,31.627155303955078,32.01963806152344,21.596302032470703,2505567
2015-01-26,31.989830017089844,32.04447937011719,31.488048553466797,31.642059326171875,21.341636657714844,1958280
2015-01-27,31.254545211791992,31.49798583984375,30.93658447265625,31.17505645751953,21.026657104492188,2118501
2015-01-28,31.393653869628906,31.51785659790039,30.77263641357422,30.792509078979492,20.76864242553711,2299051
2015-01-29,30.822317123413086,31.264482498168945,30.38015365600586,31.219768524169922,21.05681610107422,2714499
2015-01-30,30.802444458007812,30.802444458007812,30.017480850219727,30.146650314331055,20.333023071289062,4472703
2015-02-02,29.967798233032227,30.494421005249023,29.709455490112305,30.464611053466797,20.5474853515625,3467497
2015-02-03,30.67327308654785,31.001171112060547,30.549070358276367,30.827285766601562,20.79209327697754,3706219
2015-02-04,30.782573699951172,31.32906723022461,30.7130184173584,31.11543846130371,20.98644256591797,3859596
2015-02-05,31.274417877197266,31.557601928710938,31.105501174926758,31.522825241088867,21.261219024658203,2472959
2015-02-06,31.83085060119629,32.46677017211914,31.761295318603516,32.30282211303711,21.787303924560547,3179663
2015-02-09,32.20842742919922,32.28295135498047,31.99479866027832,32.21339416503906,21.72698402404785,3476153
2015-02-10,29.898244857788086,30.90180778503418,29.74920082092285,30.2509822845459,20.40339469909668,11546181
2015-02-11,30.28575897216797,30.97136116027832,30.052257537841797,30.871999740600586,20.82225799560547,6481706
2015-02-12,30.941553115844727,32.16371536254883,30.941553115844727,32.04447937011719,21.613061904907227,5563253
2015-02-13,32.09912872314453,33.107662200927734,32.00473403930664,32.83938217163086,22.149192810058594,3775661
2015-02-17,32.86919021606445,33.25670623779297,32.8443489074707,33.13249969482422,22.34689712524414,2164192
2015-02-18,33.107662200927734,33.450462341308594,33.033138275146484,33.296451568603516,22.457473754882812,4422986
2015-02-19,33.28651428222656,33.351097106933594,32.988426208496094,33.23186492919922,22.413909912109375,2147284
2015-02-20,33.16727828979492,33.3560676574707,32.94868087768555,33.25173568725586,22.42731475830078,1645084
2015-02-23,34.3447265625,36.41147232055664,34.2801399230957,35.64141082763672,24.039081573486328,11019826
2015-02-24,36.11338424682617,36.2574577331543,34.58319854736328,35.194278717041016,23.737503051757812,8772505
2015-02-25,35.08000946044922,35.2042121887207,34.851478576660156,35.01542663574219,23.616870880126953,3983586
2015-02-26,35.16447067260742,35.3830680847168,34.8713493347168,35.2042121887207,23.744199752807617,3317341
2015-02-27,35.06510543823242,35.46255874633789,35.03529739379883,35.23402404785156,23.76430892944336,3496683
2015-03-02,35.23402404785156,35.35325622558594,34.89619064331055,35.27376937866211,23.791120529174805,2468733
2015-03-03,35.08994674682617,35.099884033203125,34.76701736450195,35.07007598876953,23.653730392456055,2057512
2015-03-04,34.935935974121094,34.955806732177734,34.73720932006836,34.8067626953125,23.476131439208984,2997100
2015-03-05,34.776954650878906,34.8415412902832,34.48383331298828,34.707401275634766,23.409120559692383,3385173
2015-03-06,34.613006591796875,35.025360107421875,34.16587448120117,34.21058654785156,23.074026107788086,2419620
2015-03-09,34.220523834228516,34.518611907958984,34.150970458984375,34.3447265625,23.164505004882812,2438943
2015-03-10,34.215553283691406,34.2801399230957,33.41071701049805,33.44052505493164,22.554643630981445,3630536
2015-03-11,33.425621032714844,33.664093017578125,32.9238395690918,33.11262893676758,22.333492279052734,4180843
2015-03-12,33.14740753173828,33.83797836303711,33.14740753173828,33.8330078125,22.819368362426758,4013175
2015-03-13,33.639251708984375,33.8975944519043,33.25173568725586,33.470333099365234,22.574750900268555,3537544
2015-03-16,33.753517150878906,33.87275314331055,33.41568374633789,33.520015716552734,22.608257293701172,2263827
2015-03-17,33.420654296875,33.450462341308594,33.13249969482422,33.13747024536133,22.35025405883789,1860657
2015-03-18,33.08778762817383,33.49020767211914,32.73008346557617,33.321292877197266,22.474233627319336,2618487
2015-03-19,33.341163635253906,33.589569091796875,33.16231155395508,33.177215576171875,22.377046585083008,1388448
2015-03-20,33.246768951416016,33.44052505493164,33.14243698120117,33.152374267578125,22.360294342041016,2768040
2015-03-23,33.23186492919922,33.48027038574219,32.97848892211914,33.04307556152344,22.286577224731445,3542375
2015-03-24,33.00333023071289,33.177215576171875,32.620784759521484,32.65555953979492,22.025211334228516,2090925
2015-03-25,32.95364761352539,32.9586181640625,31.960020065307617,31.974925994873047,21.566146850585938,2653711
2015-03-26,31.83085060119629,32.501548767089844,31.825881958007812,32.37734603881836,21.915889739990234,3526272
2015-03-27,32.4468994140625,32.715179443359375,32.25313949584961,32.67543411254883,22.11765480041504,2862643
2015-03-30,32.77479553222656,33.14740753173828,32.77479553222656,33.013267517089844,22.346330642700195,1584095
2015-03-31,32.829444885253906,32.938743591308594,32.42205810546875,32.4319953918457,21.952877044677734,3208245
2015-04-01,32.392250061035156,32.65059280395508,31.989830017089844,32.40715408325195,21.936063766479492,1738881
2015-04-02,32.417091369628906,32.784732818603516,32.342567443847656,32.48167419433594,21.986507415771484,1435750
2015-04-06,32.297855377197266,32.660526275634766,32.00473403930664,32.45683670043945,21.96969223022461,2541597
2015-04-07,32.4468994140625,32.640655517578125,32.3624382019043,32.4319953918457,21.952877044677734,1629585
2015-04-08,32.427024841308594,32.571102142333984,31.989830017089844,32.18358612060547,21.78473472595215,2377149
2015-04-09,32.23326873779297,32.3624382019043,31.9351806640625,32.039512634277344,21.687213897705078,2348365
2015-04-10,32.104095458984375,32.779762268066406,32.039512634277344,32.715179443359375,22.14456558227539,2768644
2015-04-13,32.809574127197266,32.9238395690918,32.49161148071289,32.49161148071289,21.99323081970215,1894272
2015-04-14,31.984861373901367,32.27798080444336,31.920276641845703,32.08919143676758,21.720840454101562,2119708
2015-04-15,32.104095458984375,32.70524215698242,32.02957534790039,32.62575149536133,22.084028244018555,3229783
2015-04-16,32.51148223876953,33.16727828979492,32.44192886352539,32.710208892822266,22.14119529724121,2679073
2015-04-17,32.54129409790039,32.72511291503906,32.42205810546875,32.59097671508789,22.06049346923828,2457058
2015-04-20,32.685367584228516,32.938743591308594,32.47174072265625,32.56116485595703,22.04030990600586,2234238
2015-04-21,32.58103942871094,32.665496826171875,32.292884826660156,32.322696685791016,21.878894805908203,2032754
2015-04-22,32.417091369628906,32.79963684082031,32.392250061035156,32.70524215698242,22.137836456298828,1721772
2015-04-23,32.595943450927734,32.76982879638672,32.54129409790039,32.615814208984375,22.07730484008789,1551286
2015-04-24,32.54129409790039,32.665496826171875,32.392250061035156,32.571102142333984,22.04703712463379,1693995
2015-04-27,32.54129409790039,32.665496826171875,32.25313949584961,32.32766342163086,21.88225746154785,1774508
2015-04-28,32.297855377197266,32.60091018676758,32.128936767578125,32.48664474487305,21.989870071411133,1179718
2015-04-29,32.4121208190918,32.4319953918457,32.09912872314453,32.198490142822266,21.79482078552246,1157577
2015-04-30,32.133907318115234,32.31275939941406,31.751359939575195,32.01963806152344,21.673757553100586,3511981
2015-05-01,32.18855667114258,32.44192886352539,32.084224700927734,32.40715408325195,21.936063766479492,1426289
2015-05-04,32.49161148071289,32.710208892822266,32.49161148071289,32.61084747314453,22.073942184448242,1123158
2015-05-05,32.392250061035156,32.54129409790039,32.20842742919922,32.26804733276367,21.841903686523438,2035773
2015-05-06,32.4121208190918,32.55619812011719,31.79607391357422,31.984861373901367,21.650217056274414,1770483
2015-05-07,32.06932067871094,32.297855377197266,31.930212020874023,32.084224700927734,21.71747589111328,1483655
2015-05-08,32.128936767578125,32.595943450927734,32.128936767578125,32.4468994140625,21.962963104248047,1166635
2015-05-11,32.427024841308594,32.784732818603516,32.27798080444336,32.392250061035156,21.92597770690918,1474396
2015-05-12,32.14384078979492,32.14384078979492,31.7215518951416,31.920276641845703,21.60650062561035,2296636
2015-05-13,31.890466690063477,32.228302001953125,31.890466690063477,32.04944610595703,21.693933486938477,1107055
2015-05-14,32.37237548828125,34.33478927612305,32.27798080444336,33.425621032714844,22.62545394897461,7250606
2015-05-15,33.53491973876953,33.753517150878906,33.09275436401367,33.67899703979492,22.796958923339844,3800016
2015-05-18,33.639251708984375,34.006893157958984,33.495174407958984,33.91746520996094,22.958372116088867,3231393
2015-05-19,33.8677864074707,33.9472770690918,33.3560676574707,33.614410400390625,22.753244400024414,4270012
2015-05-20,34.88128662109375,35.27376937866211,34.04167175292969,34.4093132019043,23.29130744934082,9203049
2015-05-21,34.25529861450195,34.40434265136719,34.051605224609375,34.27517318725586,23.20050621032715,2750327
2015-05-22,34.12116241455078,34.240394592285156,33.9472770690918,34.02179718017578,23.02899742126465,2847547
2015-05-26,33.90753173828125,33.90753173828125,33.39581298828125,33.52498245239258,22.692707061767578,3675624
2015-05-27,33.852882385253906,34.613006591796875,33.852882385253906,34.38447189331055,23.27448844909668,4011363
2015-05-28,34.18574523925781,34.473899841308594,34.10625457763672,34.449058532714844,23.318206787109375,1820803
2015-05-29,34.449058532714844,34.54841995239258,34.07147979736328,34.08141326904297,23.06935691833496,2532942
2015-06-01,34.16587448120117,34.28511047363281,33.69886779785156,33.758487701416016,22.85076904296875,1904537
2015-06-02,33.70383834838867,34.02676773071289,33.64918899536133,33.90256118774414,22.948287963867188,1360269
2015-06-03,33.92740249633789,34.35466384887695,33.85784912109375,34.21058654785156,23.15678596496582,1505393
2015-06-04,34.00192642211914,34.04167175292969,33.16231155395508,33.639251708984375,22.770057678222656,2950000
2015-06-05,33.77339172363281,33.887657165527344,33.296451568603516,33.62931442260742,22.76333236694336,2129370
2015-06-08,33.569698333740234,33.62434768676758,33.3063850402832,33.31135559082031,22.548110961914062,1528742
2015-06-09,33.33619689941406,33.33619689941406,32.86919021606445,33.00333023071289,22.339609146118164,2230615
2015-06-10,33.11759567260742,33.55976104736328,32.97848892211914,33.52498245239258,22.77155303955078,1828050
2015-06-11,33.69390106201172,34.58319854736328,33.60944366455078,34.468929290771484,23.412717819213867,3954602
2015-06-12,34.220523834228516,34.265235900878906,33.54982376098633,33.659122467041016,22.86266326904297,2985627
2015-06-15,33.30141830444336,33.31135559082031,32.82447814941406,32.88906478881836,22.339611053466797,2459876
2015-06-16,32.99339294433594,33.31135559082031,32.82447814941406,33.25670623779297,22.58932876586914,1859450
2015-06-17,33.27657699584961,33.57466506958008,33.202056884765625,33.44052505493164,22.71418571472168,1418238
2015-06-18,33.50014114379883,33.7833251953125,33.450462341308594,33.64918899536133,22.855918884277344,1909569
2015-06-19,33.52995300292969,33.79823303222656,33.36103439331055,33.639251708984375,22.849170684814453,2624727
2015-06-22,33.84294509887695,33.862815856933594,33.44549560546875,33.49020767211914,22.7479305267334,2349774
2015-06-23,33.53989028930664,33.683963775634766,33.43059158325195,33.44052505493164,22.71418571472168,1555714
2015-06-24,33.4355583190918,33.57466506958008,32.988426208496094,33.13249969482422,22.504961013793945,1314376
2015-06-25,33.25173568725586,33.3063850402832,32.804603576660156,32.963584899902344,22.390228271484375,1200853
2015-06-26,33.00333023071289,33.33122634887695,33.00333023071289,33.16727828979492,22.528583526611328,2280131
2015-06-29,32.91887283325195,33.008296966552734,32.56613540649414,32.665496826171875,22.18775177001953,2436326
2015-06-30,32.913902282714844,33.06791687011719,32.51645278930664,32.61084747314453,22.150634765625,2056103
2015-07-01,32.8443489074707,32.94371032714844,32.54129409790039,32.74995422363281,22.2451229095459,1566986
2015-07-02,32.88409423828125,32.91887283325195,32.62575149536133,32.83938217163086,22.305862426757812,1114502
2015-07-06,32.48167419433594,33.008296966552734,32.3624382019043,32.83938217163086,22.305862426757812,2337094
2015-07-07,32.83441162109375,33.038108825683594,32.4121208190918,32.938743591308594,22.37335205078125,1807519
2015-07-08,32.715179443359375,32.804603576660156,32.33760070800781,32.402183532714844,22.008899688720703,2112462
2015-07-09,32.79963684082031,33.013267517089844,32.417091369628906,32.53632354736328,22.10001564025879,2172243
2015-07-10,32.89899826049805,33.271610260009766,32.8592529296875,33.15734100341797,22.521831512451172,1728415
2015-07-13,33.28651428222656,33.52498245239258,33.26167297363281,33.470333099365234,22.73443603515625,1758003
2015-07-14,33.41568374633789,33.634281158447266,33.271610260009766,33.450462341308594,22.72093391418457,2414386
2015-07-15,33.52498245239258,33.90256118774414,33.27657699584961,33.733646392822266,22.913288116455078,2046240
2015-07-16,33.957210540771484,34.06650924682617,33.64918899536133,33.683963775634766,22.879539489746094,1990686
2015-07-17,33.64421844482422,33.71874237060547,33.296451568603516,33.53491973876953,22.778301239013672,2821581
2015-07-20,33.64421844482422,33.76345443725586,33.4355583190918,33.50014114379883,22.754674911499023,1568596
2015-07-21,33.32625961303711,33.58460235595703,32.983455657958984,33.04307556152344,22.444223403930664,2193982
2015-07-22,32.913902282714844,33.28651428222656,32.879127502441406,33.102691650390625,22.484712600708008,1708890
2015-07-23,33.09772491455078,33.271610260009766,32.96855163574219,33.06294631958008,22.45771598815918,1160596
2015-07-24,33.038108825683594,33.057979583740234,32.28791809082031,32.521419525146484,22.089889526367188,1495933
2015-07-27,32.28295135498047,32.3823127746582,31.984861373901367,32.08919143676758,21.796300888061523,1129397
2015-07-28,32.228302001953125,32.342567443847656,31.835817337036133,32.20842742919922,21.877290725708008,1117522
2015-07-29,32.16371536254883,32.37237548828125,31.960020065307617,32.31275939941406,21.948156356811523,1091959
2015-07-30,32.153778076171875,32.342567443847656,31.7364559173584,32.28791809082031,21.931285858154297,896513
2015-07-31,32.47174072265625,32.526390075683594,32.153778076171875,32.50651550292969,22.079771041870117,1342757
2015-08-03,32.501548767089844,32.526390075683594,32.109066009521484,32.417091369628906,22.019027709960938,1270899
2015-08-04,32.427024841308594,32.74498748779297,32.273014068603516,32.3624382019043,21.981904983520508,1562155
2015-08-05,32.54129409790039,32.784732818603516,32.31275939941406,32.496578216552734,22.073013305664062,3472127
2015-08-06,32.501548767089844,32.58103942871094,31.54269790649414,31.567537307739258,21.441972732543945,2897867
2015-08-07,31.78116798400879,32.292884826660156,31.54269790649414,32.273014068603516,21.921161651611328,3530096
2015-08-10,32.292884826660156,32.67046356201172,32.16371536254883,32.47174072265625,22.056148529052734,2243698
2015-08-11,32.28791809082031,32.546260833740234,31.6718692779541,31.895435333251953,21.664695739746094,3080431
2015-08-12,33.50014114379883,33.659122467041016,32.42205810546875,33.172245025634766,22.531959533691406,8033193
2015-08-13,33.23683166503906,33.271610260009766,32.710208892822266,32.95364761352539,22.38347625732422,3801224
2015-08-14,32.88906478881836,33.69886779785156,32.7946662902832,33.520015716552734,22.768177032470703,2955434
2015-08-17,33.44052505493164,33.659122467041016,33.202056884765625,33.634281158447266,22.845794677734375,1415219
2015-08-18,33.64421844482422,33.778358459472656,33.51007843017578,33.664093017578125,22.86604118347168,1815973
2015-08-19,33.55976104736328,33.57963562011719,32.8741569519043,33.04804229736328,22.447589874267578,1365099
2015-08-20,32.70524215698242,32.82447814941406,32.392250061035156,32.417091369628906,22.019027709960938,1641058
2015-08-21,32.16371536254883,32.342567443847656,31.343971252441406,31.383716583251953,21.317110061645508,2400699
2015-08-24,29.615060806274414,31.075693130493164,29.197736740112305,30.05722427368164,20.416105270385742,3586858
2015-08-25,31.035947799682617,31.035947799682617,29.744232177734375,29.76410484313965,20.21701431274414,3896431
2015-08-26,30.444740295410156,30.817350387573242,29.7243595123291,30.782573699951172,20.908794403076172,2238868
2015-08-27,31.105501174926758,31.403589248657227,30.449708938598633,31.120405197143555,21.138261795043945,1876559
2015-08-28,30.9117431640625,31.32906723022461,30.80741310119629,31.28435516357422,21.249624252319336,1950228
2015-08-31,31.050851821899414,31.274417877197266,30.757732391357422,30.79747772216797,20.918916702270508,1664206
2015-09-01,30.449708938598633,30.50932502746582,29.684614181518555,29.868436813354492,20.287874221801758,6114768
2015-09-02,30.067161560058594,30.375186920166016,29.803850173950195,30.375186920166016,20.711313247680664,2925040
2015-09-03,30.365249633789062,30.862062454223633,30.325504302978516,30.608688354492188,20.870527267456055,1665212
2015-09-04,30.14168357849121,30.454675674438477,29.982702255249023,30.101938247680664,20.52499771118164,1622741
2015-09-08,30.63849639892578,30.896839141845703,30.365249633789062,30.86703109741211,21.04667854309082,1587517
2015-09-09,31.2247371673584,31.24957847595215,30.38015365600586,30.444740295410156,20.758743286132812,1351412
2015-09-10,30.375186920166016,30.981298446655273,30.305631637573242,30.787540435791016,20.992473602294922,1554708
2015-09-11,30.60371971130371,30.921680450439453,30.524229049682617,30.896839141845703,21.067007064819336,1116314
2015-09-14,30.90180778503418,31.016075134277344,30.424867630004883,30.549070358276367,20.829877853393555,1200450
2015-09-15,30.72295570373535,31.095565795898438,30.489452362060547,31.016075134277344,21.148300170898438,2256379
2015-09-16,30.921680450439453,31.254545211791992,30.881935119628906,31.17505645751953,21.2567081451416,1239499
2015-09-17,31.15021514892578,31.309194564819336,30.83225440979004,30.896839141845703,21.067007064819336,1141072
2015-09-18,30.469579696655273,30.717987060546875,30.196332931518555,30.2509822845459,20.626625061035156,2628350
2015-09-21,30.47454833984375,30.73785972595215,30.196332931518555,30.50932502746582,20.802776336669922,1754581
2015-09-22,30.121810913085938,30.325504302978516,29.97773551940918,30.255950927734375,20.63001823425293,1402337
2015-09-23,30.246013641357422,30.35531234741211,29.903213500976562,30.2509822845459,20.626625061035156,1019296
2015-09-24,29.947925567626953,30.131746292114258,29.356718063354492,30.052257537841797,20.491125106811523,1976798
2015-09-25,30.330472946166992,30.708051681518555,30.092002868652344,30.459644317626953,20.76889991760254,1805909
2015-09-28,30.295696258544922,30.33544158935547,29.649837493896484,29.744232177734375,20.281097412109375,3260780
2015-09-29,29.76410484313965,29.89327621459961,29.38155746459961,29.71442413330078,20.260774612426758,3366051
2015-09-30,29.992639541625977,30.54410171508789,29.908180236816406,30.494421005249023,20.79261589050293,4482969
2015-10-01,30.554039001464844,30.67327308654785,30.305631637573242,30.50932502746582,20.802776336669922,2024099
2015-10-02,30.121810913085938,31.016075134277344,29.913148880004883,30.99620246887207,21.13475799560547,1372748
2015-10-05,31.14027976989746,31.512889862060547,31.09059715270996,31.428430557250977,21.42947006225586,1178108
2015-10-06,31.299259185791016,31.532760620117188,31.155183792114258,31.368812561035156,21.388818740844727,1805305
2015-10-07,31.49301528930664,31.835817337036133,31.324100494384766,31.572507858276367,21.527706146240234,1747134
2015-10-08,31.44830322265625,32.00473403930664,31.4234619140625,31.960020065307617,21.79193115234375,1666420
2015-10-09,31.940149307250977,32.21339416503906,31.810977935791016,32.12397003173828,21.90372085571289,1758808
2015-10-12,32.20842742919922,32.3624382019043,31.989830017089844,32.297855377197266,22.022287368774414,2217532
2015-10-13,32.14384078979492,32.45683670043945,32.039512634277344,32.13887405395508,21.91388511657715,1831069
2015-10-14,32.079254150390625,32.70027542114258,31.825881958007812,31.960020065307617,21.79193115234375,1665413
2015-10-15,32.02460861206055,32.16868209838867,31.766263961791992,31.845754623413086,21.714019775390625,1748543
2015-10-16,31.895435333251953,32.014671325683594,31.627155303955078,31.955053329467773,21.788543701171875,1844756
2015-10-19,31.905372619628906,32.153778076171875,31.791105270385742,31.989830017089844,21.812255859375,2133999
2015-10-20,31.960020065307617,32.223331451416016,31.955053329467773,32.16868209838867,21.93421173095703,1374962
2015-10-21,32.322696685791016,32.49161148071289,32.08919143676758,32.21339416503906,21.964696884155273,2706045
2015-10-22,32.501548767089844,32.97848892211914,32.14881134033203,32.740020751953125,22.32377815246582,3385374
2015-10-23,33.06294631958008,33.077850341796875,32.740020751953125,32.94371032714844,22.46266746520996,1977200
2015-10-26,32.92880630493164,33.057979583740234,32.83441162109375,32.9735221862793,22.482990264892578,1446216
2015-10-27,32.84931945800781,32.9238395690918,32.67543411254883,32.81950759887695,22.37796974182129,1167842
2015-10-28,32.95364761352539,33.3063850402832,32.81950759887695,33.3063850402832,22.70995330810547,2614461
2015-10-29,33.18715286254883,33.21696090698242,32.76982879638672,32.879127502441406,22.41862678527832,1825232
2015-10-30,33.00333023071289,33.27657699584961,32.88906478881836,33.082820892333984,22.557514190673828,2323406
2015-11-02,33.09772491455078,33.48523712158203,33.09772491455078,33.48523712158203,22.83190155029297,2716109
2015-11-03,33.4355583190918,33.67402648925781,33.28651428222656,33.52995300292969,22.862394332885742,2523683
2015-11-04,33.66905975341797,33.8826904296875,33.41568374633789,33.8330078125,23.06903076171875,5460398
2015-11-05,33.60944366455078,34.02676773071289,32.45683670043945,33.28651428222656,22.69640350341797,3956413
2015-11-06,33.25670623779297,33.67402648925781,33.013267517089844,33.659122467041016,22.950462341308594,3787940
2015-11-09,33.54982376098633,33.61937713623047,33.07288360595703,33.50014114379883,22.84206199645996,4058665
2015-11-10,33.39084243774414,33.4057502746582,32.988426208496094,33.3063850402832,22.70995330810547,2742880
2015-11-11,33.41071701049805,33.420654296875,33.16727828979492,33.33619689941406,22.730276107788086,2256379
2015-11-12,33.197086334228516,33.28154373168945,32.8940315246582,32.97848892211914,22.48638153076172,1860657
2015-11-13,32.829444885253906,32.88409423828125,32.09416198730469,32.19352340698242,21.951147079467773,2635193
2015-11-16,32.09416198730469,34.339759826660156,32.09416198730469,34.16587448120117,23.295997619628906,8948426
2015-11-17,32.09416198730469,35.3333854675293,32.09416198730469,35.01045608520508,23.871868133544922,6193872
2015-11-18,35.169437408447266,35.348289489746094,34.74714660644531,35.04026412963867,23.892194747924805,3823969
2015-11-19,35.005489349365234,35.005489349365234,34.33478927612305,34.79682540893555,23.726211547851562,5043944
2015-11-20,34.99555206298828,35.13465881347656,34.50370788574219,34.67262268066406,23.64151954650879,5234961
2015-11-23,34.64281463623047,34.94090270996094,34.43912124633789,34.752113342285156,23.695720672607422,4193927
2015-11-24,34.66268539428711,34.88128662109375,34.48383331298828,34.55835723876953,23.56361198425293,3517818
2015-11-25,34.52357864379883,34.69249725341797,33.64421844482422,34.50867462158203,23.529727935791016,7920676
2015-11-27,34.3447265625,34.92599868774414,34.031734466552734,34.09135055541992,23.245182037353516,13795515
2015-11-30,26.686851501464844,27.647058486938477,25.761245727539062,27.102075576782227,25.19133186340332,35429666
2015-12-01,27.067474365234375,27.283737182617188,26.747404098510742,27.102075576782227,25.19133186340332,5554464
2015-12-02,27.03287124633789,27.249134063720703,26.6695499420166,26.704151153564453,24.82146453857422,3261192
2015-12-03,26.721452713012695,26.730104446411133,25.70069122314453,26.01211166381836,24.17821502685547,6757629
2015-12-04,26.01211166381836,26.548442840576172,26.01211166381836,26.479238510131836,24.612411499023438,4663420
2015-12-07,26.384082794189453,26.643598556518555,26.25432586669922,26.626298904418945,24.749101638793945,4479384
2015-12-08,26.25432586669922,26.704151153564453,26.12456703186035,26.3494815826416,24.49180030822754,3886472
2015-12-09,26.401384353637695,26.87716293334961,26.1505184173584,26.39273452758789,24.532007217407227,3707408
2015-12-10,26.36678123474121,26.608997344970703,26.25432586669922,26.48788833618164,24.620450973510742,3421760
2015-12-11,26.141868591308594,26.33218002319336,25.570934295654297,25.769895553588867,23.953073501586914,2921443
2015-12-14,25.856401443481445,26.13321876525879,25.527681350708008,25.882352828979492,24.057605743408203,2757638
2015-12-15,26.141868591308594,26.496540069580078,25.90830421447754,26.219722747802734,24.371192932128906,3153337
2015-12-16,26.47058868408203,27.231834411621094,26.193771362304688,27.13667869567871,25.223499298095703,3765439
2015-12-17,27.102075576782227,27.612457275390625,26.868511199951172,27.145328521728516,25.231538772583008,5410311
2015-12-18,27.05882453918457,27.46539878845215,26.83390998840332,27.25778579711914,25.33606719970703,7708208
2015-12-21,27.352941513061523,27.993080139160156,27.2404842376709,27.897924423217773,25.93107795715332,4778904
2015-12-22,27.871971130371094,28.08823585510254,27.768165588378906,27.871971130371094,25.906949996948242,2137213
2015-12-23,27.897924423217773,28.728374481201172,27.854671478271484,28.581314086914062,26.5662841796875,2314774
2015-12-24,28.54671287536621,28.78892707824707,28.52941131591797,28.693771362304688,26.670814514160156,851047
2015-12-28,28.62456703186035,28.66781997680664,28.192041397094727,28.598615646362305,26.582366943359375,1150336
2015-12-29,28.5899658203125,29.117647171020508,28.564014434814453,28.676471710205078,26.654733657836914,1795268
2015-12-30,28.676471710205078,28.89273452758789,28.555362701416016,28.6505184173584,26.630611419677734,1431244
2015-12-31,28.503459930419922,28.641868591308594,28.08823585510254,28.269895553588867,26.38836669921875,1664409
2016-01-04,27.56055450439453,27.820068359375,27.084775924682617,27.370241165161133,25.548587799072266,3101548
2016-01-05,27.370241165161133,27.413494110107422,26.782007217407227,26.859861373901367,25.07217788696289,3388005
2016-01-06,26.479238510131836,26.77335548400879,26.427335739135742,26.59169578552246,24.821861267089844,1988089
2016-01-07,26.098615646362305,26.608997344970703,26.064014434814453,26.228374481201172,24.482723236083984,1652849
2016-01-08,26.33218002319336,26.427335739135742,25.493080139160156,25.519031524658203,23.820589065551758,2332808
2016-01-11,25.54498291015625,25.70069122314453,25.16436004638672,25.5795841217041,23.877111434936523,2244605
2016-01-12,25.778547286987305,25.951557159423828,25.38062286376953,25.78719711303711,24.070903778076172,1971905
2016-01-13,25.92560577392578,25.98615837097168,24.81833839416504,24.930795669555664,23.271503448486328,2050628
2016-01-14,25.086505889892578,25.70934295654297,24.731834411621094,25.48442840576172,23.78829002380371,1819082
2016-01-15,24.723182678222656,25.190311431884766,24.567474365234375,25.138408660888672,23.465299606323242,1774922
2016-01-19,25.432525634765625,25.493080139160156,24.83563995361328,24.982698440551758,23.319950103759766,1980459
2016-01-20,24.49827003479004,25.62283706665039,24.351211547851562,25.276817321777344,23.594493865966797,2424016
2016-01-21,25.250865936279297,25.475778579711914,24.87889289855957,24.92214584350586,23.263431549072266,3370549
2016-01-22,25.389272689819336,26.297578811645508,25.389272689819336,26.262975692749023,24.515016555786133,3834568
2016-01-25,26.219722747802734,26.37543296813965,25.614187240600586,25.769895553588867,24.05475616455078,2394076
2016-01-26,25.795848846435547,26.36678123474121,25.72664451599121,26.185121536254883,24.442346572875977,1466502
2016-01-27,26.1505184173584,27.01557159423828,26.10726547241211,26.271625518798828,24.523094177246094,2206920
2016-01-28,26.660900115966797,26.885812759399414,26.340829849243164,26.608997344970703,24.838014602661133,1433902
2016-01-29,26.75605583190918,27.750865936279297,26.747404098510742,27.74221420288086,25.89580535888672,2035716
2016-02-01,27.595155715942383,27.707611083984375,27.31833839416504,27.45674705505371,25.62933921813965,2121376
2016-02-02,27.25778579711914,27.56055450439453,26.980968475341797,27.084775924682617,25.282121658325195,2174436
2016-02-03,27.30103874206543,27.46539878845215,26.600345611572266,27.05882453918457,25.25790023803711,2149351
2016-02-04,27.024221420288086,27.811418533325195,27.024221420288086,27.603805541992188,25.766611099243164,1720937
2016-02-05,27.56055450439453,27.750865936279297,27.205881118774414,27.2404842376709,25.427471160888672,2698566
2016-02-08,26.600345611572266,26.71280288696289,26.098615646362305,26.557092666625977,24.789560317993164,3490080
2016-02-09,26.306228637695312,26.95501708984375,26.28892707824707,26.643598556518555,24.870311737060547,3887628
2016-02-10,20.994810104370117,24.385812759399414,20.994810104370117,23.979238510131836,22.383281707763672,8025068
2016-02-11,23.555362701416016,24.17820167541504,23.131488800048828,23.399654388427734,21.842269897460938,4869419
2016-02-12,23.572664260864258,24.005189895629883,23.278547286987305,23.89273452758789,22.302534103393555,2458350
2016-02-16,24.307958602905273,24.57612419128418,23.840829849243164,23.9100341796875,22.318681716918945,2457078
2016-02-17,24.03114128112793,24.282007217407227,23.6505184173584,24.238754272460938,22.625520706176758,2083228
2016-02-18,24.17820167541504,24.247404098510742,23.685121536254883,23.814878463745117,22.2298583984375,2361708
2016-02-19,23.52941131591797,23.823528289794922,23.278547286987305,23.74567413330078,22.165260314941406,2166691
2016-02-22,24.065744400024414,24.307958602905273,23.75432586669922,24.03114128112793,22.431726455688477,1602678
2016-02-23,24.005189895629883,24.307958602905273,23.884082794189453,23.944637298583984,22.35097885131836,1882546
2016-02-24,23.442907333374023,24.126298904418945,23.442907333374023,24.039791107177734,22.439802169799805,2493954
2016-02-25,24.065744400024414,24.15224838256836,23.6505184173584,24.117647171020508,22.512479782104492,2573256
2016-02-26,24.282007217407227,24.75778579711914,23.918685913085938,24.679931640625,23.03733253479004,2376389
2016-02-29,24.602075576782227,25.173009872436523,24.33390998840332,24.92214584350586,23.263431549072266,2530715
2016-03-01,25.112457275390625,25.951557159423828,24.982698440551758,25.735294342041016,24.022462844848633,3696079
2016-03-02,25.735294342041016,26.159170150756836,25.614187240600586,26.141868591308594,24.40196990966797,1999186
2016-03-03,26.16781997680664,26.626298904418945,26.01211166381836,26.617647171020508,24.84609031677246,1604528
2016-03-04,26.608997344970703,26.63494873046875,26.16781997680664,26.39273452758789,24.63614273071289,1566149
2016-03-07,26.33218002319336,26.730104446411133,26.185121536254883,26.557092666625977,24.789560317993164,1345237
2016-03-08,26.4100341796875,26.557092666625977,25.74394416809082,25.977508544921875,24.248552322387695,2358818
2016-03-09,26.16781997680664,26.28892707824707,25.96885871887207,26.219722747802734,24.474645614624023,1249636
2016-03-10,26.271625518798828,26.583044052124023,25.657438278198242,26.038061141967773,24.30507469177246,1370554
2016-03-11,26.237024307250977,26.63494873046875,26.219722747802734,26.435985565185547,24.676515579223633,932198
2016-03-14,26.418685913085938,26.686851501464844,25.934255599975586,26.496540069580078,24.7330379486084,975202
2016-03-15,26.37543296813965,26.79930877685547,26.306228637695312,26.730104446411133,24.95105743408203,1345584
2016-03-16,26.65224838256836,26.764705657958984,26.358131408691406,26.721452713012695,24.942983627319336,934973
2016-03-17,26.738754272460938,27.404844284057617,26.686851501464844,27.326990127563477,25.508214950561523,915436
2016-03-18,27.30103874206543,27.482698440551758,27.050172805786133,27.19723129272461,25.38709259033203,1417834
2016-03-21,27.11937713623047,27.37889289855957,27.093425750732422,27.31833839416504,25.500144958496094,805963
2016-03-22,27.25778579711914,27.448097229003906,27.171279907226562,27.33563995361328,25.51629066467285,816252
2016-03-23,27.30103874206543,27.595155715942383,27.188581466674805,27.37889289855957,25.556663513183594,843996
2016-03-24,27.231834411621094,27.569204330444336,27.162630081176758,27.56055450439453,25.726232528686523,718223
2016-03-28,27.647058486938477,28.235294342041016,27.53460121154785,27.993080139160156,26.129976272583008,1970055
2016-03-29,27.94117546081543,29.005189895629883,27.897924423217773,28.961938858032227,27.034353256225586,3758734
2016-03-30,29.07439422607422,29.57612419128418,29.03114128112793,29.437715530395508,27.478466033935547,1790297
2016-03-31,29.437715530395508,29.83563995361328,29.325260162353516,29.749134063720703,27.769155502319336,1363155
2016-04-01,29.480968475341797,29.671279907226562,29.126298904418945,29.645328521728516,27.78537368774414,1804747
2016-04-04,29.679931640625,29.749134063720703,29.039791107177734,29.15224838256836,27.323230743408203,1504303
2016-04-05,28.95328712463379,29.09169578552246,28.693771362304688,28.728374481201172,26.925947189331055,1385466
2016-04-06,28.728374481201172,28.996540069580078,28.598615646362305,28.979238510131836,27.16107177734375,720766
2016-04-07,28.89273452758789,28.9100341796875,28.30449867248535,28.520761489868164,26.731359481811523,1082478
2016-04-08,28.74567413330078,28.98788833618164,28.615917205810547,28.823528289794922,27.0151309967041,773017
2016-04-11,28.98788833618164,29.19550132751465,28.615917205810547,28.6505184173584,26.85297393798828,637650
2016-04-12,28.659170150756836,28.979238510131836,28.494810104370117,28.719722747802734,26.917835235595703,834054
2016-04-13,28.434255599975586,28.823528289794922,28.235294342041016,28.823528289794922,27.0151309967041,1264548
2016-04-14,28.771625518798828,29.126298904418945,28.728374481201172,28.927335739135742,27.1124267578125,602392
2016-04-15,29.01384162902832,29.230104446411133,28.884082794189453,28.918685913085938,27.10431671142578,1056931
2016-04-18,28.71107292175293,28.979238510131836,28.51211166381836,28.901384353637695,27.088102340698242,2186343
2016-04-19,28.918685913085938,29.230104446411133,28.477508544921875,28.60726547241211,26.812437057495117,1542220
2016-04-20,28.66781997680664,28.918685913085938,28.520761489868164,28.66781997680664,26.86919403076172,2076870
2016-04-21,28.581314086914062,28.86678123474121,28.46885871887207,28.615917205810547,26.82054328918457,1145943
2016-04-22,28.52941131591797,28.797578811645508,28.48615837097168,28.75432586669922,26.950265884399414,1807290
2016-04-25,28.572664260864258,28.8494815826416,28.373701095581055,28.564014434814453,26.771896362304688,1607996
2016-04-26,28.60726547241211,28.979238510131836,28.477508544921875,28.78892707824707,26.982694625854492,975086
2016-04-27,28.780277252197266,29.083044052124023,28.5899658203125,29.039791107177734,27.217824935913086,999246
2016-04-28,28.95328712463379,29.307958602905273,28.771625518798828,28.823528289794922,27.0151309967041,922719
2016-04-29,28.78892707824707,28.78892707824707,28.12283706665039,28.659170150756836,26.861083984375,1374600
2016-05-02,28.685121536254883,29.005189895629883,28.581314086914062,28.996540069580078,27.177284240722656,987455
2016-05-03,28.83218002319336,28.86678123474121,28.34775161743164,28.5899658203125,26.796220779418945,922950
2016-05-04,28.451557159423828,28.52941131591797,28.217992782592773,28.28719711303711,26.512449264526367,920292
2016-05-05,28.22664451599121,28.840829849243164,28.20934295654297,28.5899658203125,26.796220779418945,1251254
2016-05-06,28.40830421447754,29.039791107177734,28.261245727539062,29.01384162902832,27.193500518798828,721806
2016-05-09,29.07439422607422,29.307958602905273,28.944637298583984,29.048442840576172,27.225934982299805,841106
2016-05-10,29.204151153564453,29.51557159423828,29.057092666625977,29.506919860839844,27.6556453704834,1075196
2016-05-11,29.41176414489746,29.57612419128418,29.108997344970703,29.204151153564453,27.371871948242188,1071265
2016-05-12,29.37716293334961,29.37716293334961,28.840829849243164,29.1695499420166,27.339441299438477,1060861
2016-05-13,29.186851501464844,29.446367263793945,29.005189895629883,29.264705657958984,27.42862892150879,917402
2016-05-16,29.27335548400879,29.974048614501953,29.27335548400879,29.749134063720703,27.88266372680664,1520487
2016-05-17,29.775087356567383,29.974048614501953,29.351211547851562,29.4204158782959,27.574569702148438,1259115
2016-05-18,29.4204158782959,29.766435623168945,29.307958602905273,29.567474365234375,27.712400436401367,814518
2016-05-19,29.541521072387695,30.017301559448242,29.506919860839844,29.792388916015625,27.923200607299805,1304084
2016-05-20,29.81833839416504,30.328720092773438,29.80103874206543,30.28546714782715,28.385343551635742,1612389
2016-05-23,30.2595157623291,30.406574249267578,30.086505889892578,30.276817321777344,28.377235412597656,1056353
2016-05-24,30.34602165222168,31.159170150756836,30.34602165222168,30.839099884033203,28.904239654541016,4014672
2016-05-25,41.01211166381836,44.03114318847656,40.31142044067383,43.81488037109375,41.06591796875,24940353
2016-05-26,43.719722747802734,44.20415115356445,41.591697692871094,41.686851501464844,39.07140350341797,12261114
2016-05-27,41.63494873046875,42.6989631652832,41.539791107177734,42.595157623291016,39.922725677490234,3583369
2016-05-31,42.595157623291016,42.820068359375,42.404842376708984,42.56055450439453,39.89030075073242,2964215
2016-06-01,42.231834411621094,42.54325485229492,42.145328521728516,42.3788948059082,39.72003173828125,1989823
2016-06-02,42.309688568115234,43.641868591308594,42.162628173828125,43.62456512451172,40.887542724609375,2596145
2016-06-03,43.321800231933594,44.005191802978516,43.10553741455078,43.99654006958008,41.236183166503906,2316277
2016-06-06,43.944637298583984,44.68857955932617,43.89273452758789,44.662628173828125,41.860477447509766,2474649
2016-06-07,44.550174713134766,45.00865173339844,44.342559814453125,44.731834411621094,41.92534255981445,2330958
2016-06-08,44.731834411621094,45.34601974487305,44.61072540283203,45.34601974487305,42.50099182128906,2688047
2016-06-09,45.112457275390625,45.45847702026367,45.02595138549805,45.415225982666016,42.56585693359375,2202064
2016-06-10,44.8010368347168,44.8788948059082,44.45501708984375,44.679931640625,41.9886589050293,1603141
2016-06-13,44.411766052246094,44.8010368347168,44.20415115356445,44.60207748413086,41.91550064086914,1655161
2016-06-14,44.46366882324219,44.887542724609375,44.29065704345703,44.714534759521484,42.02118682861328,1687066
2016-06-15,44.7491340637207,45.07785415649414,44.45501708984375,44.69723129272461,42.00492477416992,1409858
2016-06-16,44.23875427246094,44.35121154785156,43.9100341796875,44.117645263671875,41.46025085449219,2800757
2016-06-17,43.91868591308594,43.944637298583984,43.3910026550293,43.51211166381836,40.89118576049805,2365638
2016-06-20,44.091697692871094,44.54152297973633,44.06574249267578,44.2301025390625,41.56593704223633,2225878
2016-06-21,44.282005310058594,44.44636535644531,44.005191802978516,44.2301025390625,41.56593704223633,1846594
2016-06-22,44.4290657043457,44.4290657043457,44.022491455078125,44.117645263671875,41.46025085449219,1295182
2016-06-23,44.61937713623047,44.85293960571289,44.38581466674805,44.81834030151367,42.118743896484375,1683252
2016-06-24,43.313148498535156,43.65052032470703,42.74221420288086,42.80276870727539,40.224571228027344,5603248
2016-06-27,42.084774017333984,42.179931640625,40.53633117675781,40.54498291015625,38.102787017822266,3476208
2016-06-28,40.98616027832031,41.280277252197266,40.80449676513672,41.16781997680664,38.6880989074707,1991441
2016-06-29,41.678199768066406,42.15398025512695,41.43598556518555,41.9809684753418,39.45227813720703,2888844
2016-06-30,42.006919860839844,42.949825286865234,42.006919860839844,42.949825286865234,40.36277389526367,2363442
2016-07-01,42.88927459716797,43.010379791259766,42.551902770996094,42.759517669677734,40.183921813964844,1245474
2016-07-05,42.47404861450195,42.7508659362793,42.03287124633789,42.31834030151367,39.769317626953125,1239810
2016-07-06,42.02421951293945,42.5,41.73875427246094,42.3788948059082,39.82623291015625,2105770
2016-07-07,42.551902770996094,42.6989631652832,42.02421951293945,42.214534759521484,39.67176818847656,1661519
2016-07-08,42.68165969848633,43.252593994140625,42.41349411010742,42.854671478271484,40.273345947265625,1005951
2016-07-11,43.001731872558594,43.20934295654297,42.776817321777344,42.92387390136719,40.338382720947266,1259462
2016-07-12,43.26124572753906,43.408302307128906,42.47404861450195,42.534603118896484,39.97256088256836,1831335
2016-07-13,42.73356246948242,42.915225982666016,42.11072540283203,42.11937713623047,39.58234405517578,1612620
2016-07-14,42.51729965209961,42.673011779785156,41.96366882324219,42.370243072509766,39.81809616088867,1483495
2016-07-15,42.231834411621094,42.54325485229492,41.85986328125,42.050174713134766,39.517311096191406,1385697
2016-07-18,41.989620208740234,42.28373718261719,41.989620208740234,42.067474365234375,39.5335693359375,665278
2016-07-19,42.07612609863281,42.18857955932617,41.3408317565918,41.71280288696289,39.20025634765625,2299978
2016-07-20,41.998268127441406,42.25778579711914,41.6089973449707,41.998268127441406,39.468536376953125,1611695
2016-07-21,41.85121154785156,42.05882263183594,41.18511962890625,41.31488037109375,38.8263053894043,1772264
2016-07-22,41.262977600097656,41.591697692871094,40.977508544921875,41.48788833618164,38.9888916015625,930349
2016-07-25,41.51383972167969,41.522491455078125,41.31488037109375,41.48788833618164,38.9888916015625,745504
2016-07-26,41.522491455078125,41.747406005859375,41.32352828979492,41.62629699707031,39.11896514892578,983409
2016-07-27,41.911766052246094,41.911766052246094,41.366783142089844,41.56574249267578,39.06206130981445,796715
2016-07-28,41.51383972167969,41.64360046386719,41.25432586669922,41.262977600097656,38.777523040771484,847695
2016-07-29,41.28892517089844,41.764705657958984,40.8390998840332,41.37543487548828,38.883216857910156,1956877
2016-08-01,41.38408279418945,41.75605392456055,41.11591720581055,41.38408279418945,38.89133834838867,811974
2016-08-02,41.4100341796875,41.41868591308594,40.92560577392578,41.16781997680664,38.6880989074707,1270213
2016-08-03,41.141868591308594,41.62629699707031,40.916954040527344,41.21107482910156,38.7287483215332,1229984
2016-08-04,41.15052032470703,41.522491455078125,41.141868591308594,41.51383972167969,39.013275146484375,945146
2016-08-05,41.522491455078125,42.18857955932617,41.21107482910156,41.97231674194336,39.44414138793945,894166
2016-08-08,41.9290657043457,41.9290657043457,41.262977600097656,41.539791107177734,39.03766632080078,1469970
2016-08-09,41.522491455078125,42.56055450439453,40.86505126953125,41.31488037109375,38.8263053894043,4115360
2016-08-10,41.202423095703125,41.262977600097656,40.00865173339844,40.5190315246582,38.078392028808594,2079528
2016-08-11,40.56228256225586,40.86505126953125,40.268165588378906,40.68339157104492,38.23284912109375,1293795
2016-08-12,40.46712875366211,40.84775161743164,40.285465240478516,40.38927459716797,37.95645523071289,2011324
2016-08-15,40.38062286376953,41.046714782714844,40.38062286376953,40.960208892822266,38.49300003051758,1747178
2016-08-16,40.74394607543945,40.916954040527344,40.21626281738281,40.45847702026367,38.021488189697266,2267263
2016-08-17,40.320068359375,40.337371826171875,39.403114318847656,39.567474365234375,37.184146881103516,1305702
2016-08-18,39.567474365234375,39.8788948059082,39.247406005859375,39.584774017333984,37.200416564941406,2996005
2016-08-19,39.506919860839844,39.86159133911133,39.489620208740234,39.826988220214844,37.428035736083984,1847172
2016-08-22,39.731834411621094,40.46712875366211,39.645328521728516,40.46712875366211,38.02961730957031,1492396
2016-08-23,40.717994689941406,41.02941131591797,40.54498291015625,40.960208892822266,38.49300003051758,1812955
2016-08-24,40.95155715942383,40.960208892822266,40.190311431884766,40.48442840576172,38.045875549316406,1731226
2016-08-25,40.371971130371094,40.76124572753906,40.1211051940918,40.62283706665039,38.17594528198242,1058896
2016-08-26,40.72664260864258,40.7698974609375,39.84429168701172,39.887542724609375,37.484947204589844,832551
2016-08-29,39.723182678222656,40.63148880004883,39.723182678222656,40.320068359375,38.006813049316406,969306
2016-08-30,40.42387390136719,40.493080139160156,40.07785415649414,40.48442840576172,38.161746978759766,1082247
2016-08-31,40.337371826171875,40.74394607543945,39.93944549560547,40.69204330444336,38.357444763183594,1357260
2016-09-01,40.735294342041016,41.842559814453125,40.54498291015625,41.202423095703125,38.83855056762695,2335236
2016-09-02,41.51383972167969,42.629756927490234,41.48788833618164,42.45674514770508,40.020904541015625,2041265
2016-09-06,42.73356246948242,42.73356246948242,41.47058868408203,41.522491455078125,39.14025115966797,1283622
2016-09-07,41.47924041748047,41.57439422607422,41.280277252197266,41.297576904296875,38.92824172973633,1843242
2016-09-08,41.202423095703125,41.24567413330078,40.63148880004883,40.74394607543945,38.4063720703125,1598748
2016-09-09,40.449825286865234,40.53633117675781,39.99134826660156,40.15570831298828,37.85188293457031,1680130
2016-09-12,39.965396881103516,40.94290542602539,39.965396881103516,40.821800231933594,38.47976303100586,2704000
2016-09-13,40.5190315246582,40.55363464355469,39.403114318847656,39.645328521728516,37.370784759521484,1534821
2016-09-14,39.584774017333984,40.0692024230957,39.46366882324219,40.051902770996094,37.754032135009766,1627532
2016-09-15,40.13840866088867,42.387542724609375,40.02595138549805,41.920413970947266,39.51533889770508,3046869
2016-09-16,41.79930877685547,42.35293960571289,41.055362701416016,42.292388916015625,39.86597442626953,3121200
2016-09-19,42.49134826660156,44.022491455078125,42.49134826660156,43.0709342956543,40.599849700927734,3119697
2016-09-20,43.56401443481445,43.68511962890625,42.629756927490234,42.65570831298828,40.20845031738281,1483610
2016-09-21,43.37370300292969,44.46366882324219,43.079586029052734,44.4290657043457,41.880062103271484,2468176
2016-09-22,44.67127990722656,45.01729965209961,44.54152297973633,44.870243072509766,42.295928955078125,1611117
2016-09-23,44.46366882324219,44.89619445800781,44.29930877685547,44.61072540283203,42.05130386352539,1701863
2016-09-26,44.186851501464844,44.723182678222656,43.62456512451172,44.60207748413086,42.04315185546875,2866186
2016-09-27,44.584774017333984,45.095157623291016,44.29065704345703,45.0692024230957,42.48347854614258,1222239
2016-09-28,44.97404861450195,45.8390998840332,44.662628173828125,45.76124572753906,43.13581848144531,1764981
2016-09-29,45.79584884643555,46.24567413330078,44.89619445800781,45.1989631652832,42.605796813964844,1307667
2016-09-30,45.15570831298828,45.80449676513672,45.01729965209961,45.16436004638672,42.57316207885742,2182875
2016-10-03,44.92214584350586,45.31142044067383,44.70588302612305,44.870243072509766,42.295928955078125,1717932
2016-10-04,44.83563995361328,45.129756927490234,44.1609001159668,44.506919860839844,41.95345687866211,1410204
2016-10-05,44.76643753051758,45.07785415649414,44.628028869628906,44.662628173828125,42.10022735595703,882028
2016-10-06,44.52421951293945,44.86159133911133,44.35121154785156,44.7491340637207,42.1817741394043,1943352
2016-10-07,44.57612609863281,44.714534759521484,43.8408317565918,43.97924041748047,41.456050872802734,2537420
2016-10-10,44.100345611572266,44.662628173828125,44.100345611572266,44.186851501464844,41.6517448425293,949076
2016-10-11,44.247406005859375,44.498268127441406,43.66781997680664,43.68511962890625,41.17879867553711,1433440
2016-10-12,43.78892517089844,44.714534759521484,43.60726547241211,44.53287124633789,41.9779167175293,1734347
2016-10-13,44.8010368347168,46.0899658203125,44.30795669555664,45.79584884643555,43.168434143066406,2618456
2016-10-14,46.133216857910156,47.19723129272461,45.8390998840332,46.87716293334961,44.18771743774414,3015195
2016-10-17,46.88581466674805,47.18857955932617,46.358131408691406,46.583045959472656,43.91046905517578,1905550
2016-10-18,47.084774017333984,47.47404861450195,46.522491455078125,47.31834030151367,44.60358428955078,2028202
2016-10-19,47.42214584350586,48.27854537963867,47.231834411621094,48.06228256225586,45.304840087890625,2466326
2016-10-20,48.05363464355469,48.42560577392578,47.768165588378906,47.97578048706055,45.223297119140625,3146054
2016-10-21,47.64706039428711,48.14013671875,47.240482330322266,48.001731872558594,45.24776077270508,1906938
2016-10-24,49.25605392456055,49.25605392456055,48.05363464355469,48.62456512451172,45.83485412597656,1832260
2016-10-25,48.6591682434082,48.66781997680664,47.776817321777344,48.30449676513672,45.53316116333008,2236166
2016-10-26,48.13148880004883,48.50345993041992,47.6211051940918,47.92387390136719,45.17436599731445,1907862
2016-10-27,47.92387390136719,48.13148880004883,46.79065704345703,47.128028869628906,44.42417907714844,2923293
2016-10-28,47.145328521728516,47.71626281738281,47.145328521728516,47.45674514770508,44.734039306640625,1934682
2016-10-31,47.5,47.79411697387695,46.989620208740234,47.10207748413086,44.399723052978516,1513782
2016-11-01,47.231834411621094,47.3010368347168,45.78719711303711,46.08131408691406,43.43751907348633,2107504
2016-11-02,46.12456512451172,46.427337646484375,45.501731872558594,46.06401443481445,43.42121505737305,2129583
2016-11-03,46.3408317565918,46.79930877685547,46.08131408691406,46.262977600097656,43.608768463134766,2388527
2016-11-04,45.22491455078125,49.23875427246094,44.70588302612305,48.14878845214844,45.386383056640625,5393549
2016-11-07,48.797576904296875,50.18165969848633,48.52941131591797,49.809688568115234,46.95198059082031,3644637
2016-11-08,49.662628173828125,50.432525634765625,49.60207748413086,49.8788948059082,47.0172233581543,1967396
2016-11-09,49.25605392456055,50.821800231933594,48.67647171020508,50.68339157104492,47.77556610107422,2150507
2016-11-10,51.02075958251953,51.57439422607422,50.449825286865234,51.038063049316406,48.109886169433594,2296972
2016-11-11,51.038063049316406,52.80276870727539,50.86505126953125,52.6989631652832,49.67550277709961,2931963
2016-11-14,52.820068359375,53.05363464355469,51.86851119995117,52.36159133911133,49.357479095458984,2317086
2016-11-15,52.370243072509766,53.03633117675781,52.292388916015625,52.92387390136719,49.887508392333984,2552332
2016-11-16,52.84601974487305,53.75432586669922,52.71626281738281,53.13148880004883,50.08320999145508,2299284
2016-11-17,53.28719711303711,54.022491455078125,53.157440185546875,53.93598556518555,50.841552734375,2106579
2016-11-18,54.022491455078125,54.29065704345703,53.44290542602539,53.80622863769531,50.71923828125,1229059
2016-11-21,54.264705657958984,54.792388916015625,53.16608810424805,53.43425750732422,50.368614196777344,5429848
2016-11-22,53.460208892822266,53.56401443481445,52.34429168701172,52.42214584350586,49.41456604003906,2771857
2016-11-23,52.534603118896484,53.43425750732422,52.309688568115234,53.3390998840332,50.27890396118164,2128196
2016-11-25,53.66781997680664,54.22145462036133,52.949825286865234,53.252593994140625,50.19736862182617,875901
2016-11-28,53.330448150634766,53.633216857910156,52.42214584350586,52.6989631652832,49.67550277709961,1866940
2016-11-29,52.81142044067383,53.927337646484375,52.81142044067383,53.36505126953125,50.30337142944336,1970633
2016-11-30,53.321800231933594,54.117645263671875,52.084774017333984,52.448097229003906,49.439029693603516,7692255
2016-12-01,52.57785415649414,52.768165588378906,50.79584884643555,51.28892517089844,48.34635543823242,2376620
2016-12-02,51.39273452758789,51.782005310058594,50.79584884643555,51.18511962890625,48.24850845336914,1666605
2016-12-05,51.600345611572266,52.050174713134766,51.18511962890625,51.56574249267578,48.6072998046875,1337608
2016-12-06,51.43598556518555,51.87716293334961,50.70069122314453,51.461936950683594,48.50944137573242,1732497
2016-12-07,51.461936950683594,52.854671478271484,51.280277252197266,52.82872009277344,49.79781723022461,2269806
2016-12-08,52.90657424926758,53.59861755371094,52.89792251586914,53.546714782714844,50.474613189697266,1567074
2016-12-09,53.399654388427734,53.555362701416016,52.3010368347168,52.5692024230957,49.55318832397461,1712961
2016-12-12,52.3788948059082,52.854671478271484,52.179931640625,52.50865173339844,49.496116638183594,1855149
2016-12-13,52.71626281738281,52.932525634765625,52.11072540283203,52.74221420288086,49.71626663208008,1358300
2016-12-14,52.86332321166992,53.408302307128906,52.404842376708984,52.45674514770508,49.44717788696289,1676662
2016-12-15,52.387542724609375,53.382354736328125,52.15398025512695,53.088233947753906,50.04243469238281,1036585
2016-12-16,53.2698974609375,53.2698974609375,51.989620208740234,52.10207748413086,49.11286163330078,2497307
2016-12-19,51.69550323486328,52.94117736816406,51.18511962890625,52.6989631652832,49.67550277709961,991270
2016-12-20,52.465396881103516,53.321800231933594,52.465396881103516,53.321800231933594,50.26260757446289,968728
2016-12-21,52.45674514770508,53.29584884643555,52.41349411010742,52.81142044067383,49.781517028808594,1334602
2016-12-22,52.97578048706055,52.97578048706055,52.17127990722656,52.48270034790039,49.47165298461914,739031
2016-12-23,52.448097229003906,52.820068359375,52.15398025512695,52.66436004638672,49.64288330078125,409108
2016-12-27,52.7508659362793,53.14013671875,52.465396881103516,52.84601974487305,49.814117431640625,2267725
2016-12-28,52.71626281738281,53.22664260864258,51.49654006958008,51.57439422607422,48.615447998046875,930927
2016-12-29,51.70415115356445,51.911766052246094,51.32352828979492,51.669551849365234,48.70515060424805,754637
2016-12-30,51.53114318847656,51.911766052246094,50.735294342041016,51.40138244628906,48.56620407104492,929886
2017-01-03,51.461936950683594,51.7301025390625,49.35986328125,49.567474365234375,46.833438873291016,3177150
2017-01-04,49.965396881103516,51.747406005859375,49.92214584350586,51.453285217285156,48.615234375,3241193
2017-01-05,51.297576904296875,51.678199768066406,50.93425750732422,51.32352828979492,48.49264144897461,1596089
2017-01-06,51.25432586669922,52.05882263183594,50.510379791259766,51.842559814453125,48.98303985595703,1370322
2017-01-09,51.85986328125,51.989620208740234,51.32352828979492,51.73875427246094,48.88495635986328,1120511
2017-01-10,51.583045959472656,52.47404861450195,51.53114318847656,52.3788948059082,49.48979949951172,1273796
2017-01-11,52.15398025512695,52.56055450439453,51.75605392456055,52.551902770996094,49.653263092041016,564475
2017-01-12,52.370243072509766,52.5692024230957,51.55709457397461,52.45674514770508,49.56336212158203,732673
2017-01-13,52.6211051940918,54.03114318847656,52.51729965209961,53.88408279418945,50.91195297241211,1089299
2017-01-17,53.944637298583984,54.31660842895508,53.157440185546875,53.416954040527344,50.47058868408203,1037626
2017-01-18,53.416954040527344,53.91868591308594,53.19204330444336,53.80622863769531,50.83839797973633,992773
2017-01-19,53.97058868408203,54.25605392456055,53.69377136230469,53.866783142089844,50.895606994628906,846654
2017-01-20,53.866783142089844,54.07439422607422,53.52941131591797,54.05709457397461,51.07543182373047,922604
2017-01-23,53.91868591308594,54.29930877685547,50.48442840576172,50.80449676513672,48.002235412597656,5048830
2017-01-24,51.141868591308594,52.45674514770508,51.11591720581055,52.17127990722656,49.293636322021484,3374711
2017-01-25,52.88927459716797,52.94117736816406,52.26643753051758,52.854671478271484,49.93932342529297,2066003
2017-01-26,53.12283706665039,53.252593994140625,52.82872009277344,52.86332321166992,49.947509765625,2363095
2017-01-27,53.157440185546875,53.61591720581055,52.81142044067383,53.60726547241211,50.650413513183594,1407430
2017-01-30,53.3910026550293,53.43425750732422,52.162628173828125,53.02768325805664,50.10279846191406,1487310
2017-01-31,52.79411697387695,54.186851501464844,52.71626281738281,53.80622863769531,50.83839797973633,2248998
2017-02-01,53.961936950683594,54.35121154785156,53.36505126953125,53.84947967529297,50.879268646240234,1691459
2017-02-02,53.66781997680664,54.567474365234375,53.28719711303711,54.45501708984375,51.45140075683594,1646375
2017-02-03,56.617645263671875,60.960208892822266,56.237022399902344,60.510379791259766,57.17276382446289,9985875
2017-02-06,60.510379791259766,61.85121154785156,60.38927459716797,61.747406005859375,58.34156036376953,5108480
2017-02-07,61.80795669555664,62.10207748413086,61.038063049316406,61.15052032470703,57.777591705322266,3092184
2017-02-08,61.10726547241211,61.57439422607422,60.8390998840332,61.219722747802734,57.842987060546875,2006932
2017-02-09,60.87370300292969,61.6089973449707,60.79584884643555,61.41868591308594,58.030975341796875,1647184
2017-02-10,61.49654006958008,61.93771743774414,61.237022399902344,61.262977600097656,57.88385009765625,1292177
2017-02-13,61.678199768066406,61.79930877685547,60.80449676513672,60.8910026550293,57.53239822387695,2535455
2017-02-14,60.5190315246582,61.237022399902344,60.21626281738281,60.674739837646484,57.328060150146484,1524648
2017-02-15,60.752593994140625,61.25432586669922,60.510379791259766,60.72664260864258,57.377098083496094,1470894
2017-02-16,61.08131408691406,61.358131408691406,60.80449676513672,61.280277252197266,57.90019607543945,2138600
2017-02-17,61.046714782714844,61.24567413330078,60.70934295654297,61.038063049316406,57.671348571777344,945608
2017-02-21,61.366783142089844,61.62629699707031,60.908302307128906,61.47058868408203,58.080013275146484,1165826
2017-02-22,61.16781997680664,61.93771743774414,61.01211166381836,61.18511962890625,57.81028366088867,856018
2017-02-23,61.51383972167969,61.522491455078125,59.679931640625,60.337371826171875,57.00929260253906,1450086
2017-02-24,58.81488037109375,59.93944549560547,58.19204330444336,59.77508544921875,56.478023529052734,2441125
2017-02-27,59.826988220214844,59.826988220214844,58.313148498535156,59.30795669555664,56.03666687011719,1525226
2017-02-28,59.29065704345703,59.92214584350586,59.07439422607422,59.30795669555664,56.03666687011719,2562852
2017-03-01,59.83563995361328,61.583045959472656,59.83563995361328,61.055362701416016,57.68769454956055,1873992
2017-03-02,60.735294342041016,61.219722747802734,60.31142044067383,60.579586029052734,57.23815155029297,1380842
2017-03-03,60.674739837646484,60.70934295654297,59.92214584350586,60.42387390136719,57.091026306152344,1283160
2017-03-06,59.86159133911133,60.0,59.35121154785156,59.39446258544922,56.11840057373047,956821
2017-03-07,59.178199768066406,59.645328521728516,58.97924041748047,59.07439422607422,55.81598663330078,1172068
2017-03-08,59.12629699707031,59.67127990722656,58.9100341796875,59.33391189575195,56.061187744140625,787005
2017-03-09,59.178199768066406,59.89619445800781,59.14360046386719,59.68857955932617,56.39629364013672,883531
2017-03-10,59.45501708984375,59.97404861450195,58.80622863769531,59.740482330322266,56.445335388183594,1097160
2017-03-13,59.67127990722656,59.8788948059082,59.29065704345703,59.52421951293945,56.240997314453125,1786829
2017-03-14,59.091697692871094,59.506919860839844,58.50345993041992,59.29065704345703,56.02031707763672,794172
2017-03-15,59.44636535644531,60.1989631652832,59.44636535644531,60.01729965209961,56.706878662109375,1252064
2017-03-16,60.10380554199219,60.56228256225586,59.33391189575195,59.506919860839844,56.224647521972656,1002483
2017-03-17,59.84429168701172,59.870243072509766,57.387542724609375,57.595157623291016,54.41834259033203,3493894
2017-03-20,57.759517669677734,58.494808197021484,57.09342575073242,57.74221420288086,54.55728530883789,1509389
2017-03-21,57.785465240478516,58.313148498535156,55.31142044067383,56.25432586669922,53.151458740234375,3357255
2017-03-22,56.65224838256836,57.43944549560547,56.046714782714844,56.94636535644531,53.80533218383789,1743132
2017-03-23,56.444637298583984,58.62456512451172,56.41868591308594,58.16608810424805,54.9577751159668,1437255
2017-03-24,58.737022399902344,59.723182678222656,58.477508544921875,58.68511962890625,55.44818115234375,1591350
2017-03-27,57.96712875366211,58.961936950683594,56.686851501464844,58.866783142089844,55.73484420776367,3614465
2017-03-28,59.12629699707031,60.64013671875,58.99654006958008,59.7491340637207,56.570247650146484,2487018
2017-03-29,59.9307975769043,64.8096923828125,58.3910026550293,62.90657424926758,59.55970764160156,8468394
2017-03-30,63.14013671875,63.61591720581055,60.79584884643555,61.54844284057617,58.27383041381836,5202231
2017-03-31,61.49654006958008,61.49654006958008,59.60207748413086,59.69723129272461,56.52111053466797,6387709
2017-04-03,59.965396881103516,62.13667678833008,58.61591720581055,58.780277252197266,55.65293502807617,39878301
2017-04-04,59.325260162353516,61.09861755371094,58.91868591308594,60.034603118896484,56.84052658081055,8083099
2017-04-05,60.52768325805664,62.837371826171875,60.21626281738281,62.10207748413086,58.798011779785156,6062295
2017-04-06,62.90657424926758,64.95674896240234,62.759517669677734,64.6020736694336,61.16498947143555,10895300
2017-04-07,64.35986328125,65.95155334472656,64.35121154785156,65.63148498535156,62.13964080810547,4602730
2017-04-10,65.65744018554688,65.88235473632812,63.87543487548828,64.6280288696289,61.18956756591797,3681629
2017-04-11,64.10899353027344,65.03459930419922,63.61591720581055,64.25605773925781,60.8373908996582,3385924
2017-04-12,64.04844665527344,66.39273071289062,64.01383972167969,65.85639953613281,62.35258102416992,4146803
2017-04-13,65.47577667236328,66.90311431884766,65.32872009277344,66.18511962890625,62.663822174072266,3422916
2017-04-17,66.43598937988281,67.46540069580078,66.43598937988281,66.60899353027344,63.06514358520508,2387371
2017-04-18,66.34947967529297,66.47058868408203,64.679931640625,65.21626281738281,61.74650955200195,3619667
2017-04-19,65.88235473632812,65.88235473632812,64.61937713623047,65.09515380859375,61.6318359375,3721048
2017-04-20,65.32872009277344,65.55363464355469,64.77508544921875,65.30276489257812,61.82841110229492,3033922
2017-04-21,65.5017318725586,66.19377136230469,64.88754272460938,66.02075958251953,62.508201599121094,3153452
2017-04-24,66.58304595947266,66.63494873046875,65.25086212158203,65.47577667236328,61.99221420288086,2492914
2017-04-25,65.23356628417969,66.10726928710938,64.95674896240234,65.85639953613281,62.35258102416992,2692786
2017-04-26,66.02941131591797,66.39273071289062,65.44117736816406,65.86505126953125,62.36077880859375,1810990
2017-04-27,66.02941131591797,66.15052032470703,65.1816635131836,65.64013671875,62.147830963134766,1370091
2017-04-28,65.64013671875,65.64013671875,64.84429168701172,65.17301177978516,61.70554733276367,2321017
2017-05-01,65.20761108398438,66.43598937988281,64.83563995361328,66.0899658203125,62.57373046875,3424419
2017-05-02,66.11591339111328,67.41349792480469,65.960205078125,66.5916976928711,63.04876708984375,2553720
2017-05-03,66.47058868408203,67.99308013916016,66.02941131591797,66.84255981445312,63.28628158569336,3553082
2017-05-04,67.3702392578125,67.74221801757812,67.05882263183594,67.09342956542969,63.5237922668457,2626316
2017-05-05,67.29238891601562,67.88927459716797,66.65225219726562,67.81141662597656,64.2035903930664,1162127
2017-05-08,67.59515380859375,67.84602355957031,67.0501708984375,67.82872009277344,64.219970703125,1343966
2017-05-09,69.14360046386719,69.2301025390625,68.20069122314453,68.33910369873047,64.70320129394531,4072010
2017-05-10,68.39100646972656,69.08304595947266,68.39100646972656,68.86678314208984,65.20280456542969,3112992
2017-05-11,68.52941131591797,68.78892517089844,68.31314849853516,68.70242309570312,65.04718780517578,2052594
2017-05-12,68.7283706665039,68.88408660888672,68.44290924072266,68.87543487548828,65.21098327636719,1206864
2017-05-15,68.89273071289062,69.72318267822266,68.89273071289062,69.66262817382812,65.9563217163086,2147848
2017-05-16,69.80104064941406,69.9221420288086,69.45501708984375,69.71453094482422,66.00544738769531,1984968
2017-05-17,69.71453094482422,69.71453094482422,67.92387390136719,68.14878845214844,64.52301788330078,2480198
2017-05-18,68.07958221435547,68.24394226074219,67.24913787841797,67.5778579711914,63.98245620727539,4338352
2017-05-19,67.54325103759766,68.36505126953125,67.4221420288086,67.53459930419922,63.941497802734375,2001961
2017-05-22,67.56055450439453,67.97577667236328,67.16262817382812,67.88927459716797,64.27730560302734,1766368
2017-05-23,67.86331939697266,68.23529052734375,67.60380554199219,67.70761108398438,64.10530853271484,1260965
2017-05-24,67.9498291015625,68.10553741455078,66.95501708984375,67.43079376220703,63.84321594238281,1361999
2017-05-25,67.94117736816406,68.81488037109375,67.49134826660156,68.02767944335938,64.4083480834961,1965431
2017-05-26,68.7802734375,69.48961639404297,66.75605773925781,68.04498291015625,64.42472839355469,2742610
2017-05-30,67.56055450439453,67.99308013916016,66.84255981445312,67.7681655883789,64.16264343261719,2308879
2017-05-31,67.67301177978516,68.02767944335938,66.88581085205078,67.05882263183594,63.49104309082031,2769314
2017-06-01,66.86851501464844,67.3183364868164,66.40138244628906,66.7301025390625,63.17980194091797,1987858
2017-06-02,66.60899353027344,67.6816635131836,65.99481201171875,67.11937713623047,63.54836654663086,2453841
2017-06-05,66.9117660522461,67.56055450439453,66.58304595947266,67.25778198242188,63.67940139770508,1937340
2017-06-06,67.05882263183594,67.46540069580078,66.47058868408203,66.49653625488281,62.95866012573242,2320670
2017-06-07,66.50518798828125,66.82525634765625,66.06401062011719,66.4100341796875,62.87675476074219,1318418
2017-06-08,66.4100341796875,66.51383972167969,65.53633117675781,65.87370300292969,62.36897277832031,1726833
2017-06-09,65.65744018554688,66.08131408691406,64.2820053100586,64.96540069580078,61.654727935791016,2645506
2017-06-12,64.64533233642578,65.70069122314453,63.961936950683594,65.35466766357422,62.02416229248047,2813820
2017-06-13,65.24221801757812,65.70934295654297,64.79238891601562,65.68338775634766,62.33613204956055,2412803
2017-06-14,65.74394226074219,65.9083023071289,64.58477783203125,64.69723510742188,61.40023422241211,1381073
2017-06-15,64.06574249267578,64.50691986083984,63.797576904296875,64.10034942626953,60.83375930786133,1977685
2017-06-16,63.69377136230469,64.8615951538086,63.5899658203125,64.74048614501953,61.44126892089844,2953580
2017-06-19,64.87889099121094,66.49653625488281,64.79238891601562,66.3581314086914,62.97648239135742,1946010
2017-06-20,66.09861755371094,66.21107482910156,65.46712493896484,65.67474365234375,62.32791519165039,1734000
2017-06-21,65.74394226074219,66.60034942626953,65.56228637695312,66.10726928710938,62.738407135009766,2312462
2017-06-22,66.21107482910156,66.60899353027344,65.84774780273438,66.36678314208984,62.98469543457031,1206748
2017-06-23,65.97750854492188,67.88062286376953,65.79584503173828,67.8719711303711,64.41317749023438,12128405
2017-06-26,67.51730346679688,68.60726928710938,67.35294342041016,68.20934295654297,64.73336791992188,3292288
2017-06-27,67.94117736816406,68.55536651611328,67.04151916503906,67.05882263183594,63.641475677490234,2325525
2017-06-28,67.38754272460938,67.97577667236328,66.83390808105469,67.820068359375,64.3639144897461,2481932
2017-06-29,67.6384048461914,68.20934295654297,67.01557159423828,67.94117736816406,64.4788589477539,2311075
2017-06-30,67.66436004638672,68.14878845214844,66.36678314208984,66.36678314208984,62.98469543457031,2110394
2017-07-03,66.40138244628906,66.47924041748047,65.60553741455078,65.70069122314453,62.3525505065918,1407314
2017-07-05,65.70069122314453,66.32353210449219,65.64013671875,65.95155334472656,62.59062957763672,2057449
2017-07-06,65.91695404052734,66.34947967529297,65.43252563476562,66.18511962890625,62.81229019165039,2244605
2017-07-07,66.18511962890625,67.17127990722656,66.1418685913086,67.00691986083984,63.59221649169922,974392
2017-07-10,66.92041778564453,67.6903076171875,66.72145080566406,67.34429168701172,63.91239929199219,2535686
2017-07-11,67.40484619140625,67.51730346679688,66.90311431884766,67.24048614501953,63.81387710571289,2249345
2017-07-12,67.6903076171875,68.3218002319336,67.40484619140625,68.06228637695312,64.59381103515625,1118083
2017-07-13,68.06228637695312,68.27854919433594,67.45674896240234,67.95848083496094,64.4952621459961,1165942
2017-07-14,68.18338775634766,68.18338775634766,67.40484619140625,67.91522216796875,64.45423126220703,1631925
2017-07-17,67.92387390136719,67.96712493896484,67.17127990722656,67.65570831298828,64.20792388916016,1712961
2017-07-18,67.6816635131836,67.77681732177734,67.24913787841797,67.45674896240234,64.01911926269531,1987280
2017-07-19,67.47404479980469,68.0882339477539,67.27508544921875,68.0882339477539,64.61841583251953,2030167
2017-07-20,67.92387390136719,68.22664642333984,67.5519027709961,68.02767944335938,64.56095886230469,932083
2017-07-21,67.93252563476562,69.51557159423828,67.93252563476562,69.15225219726562,65.62821197509766,1861391
2017-07-24,69.20415496826172,69.54151916503906,68.87543487548828,69.42041778564453,65.8827133178711,1632388
2017-07-25,69.50691986083984,69.83563995361328,69.18685150146484,69.25605773925781,65.72672271728516,913356
2017-07-26,69.25605773925781,69.54151916503906,69.07439422607422,69.25605773925781,65.72672271728516,1229984
2017-07-27,69.39446258544922,69.45501708984375,66.92906951904297,67.88927459716797,64.42959594726562,2078488
2017-07-28,67.82872009277344,68.24394226074219,67.7681655883789,67.84602355957031,64.38856506347656,1038782
2017-07-31,67.94117736816406,68.33910369873047,67.43944549560547,67.80276489257812,64.34748077392578,1131146
2017-08-01,68.12283325195312,68.67646789550781,67.83737182617188,68.62456512451172,65.12741088867188,1231371
2017-08-02,68.31314849853516,68.55536651611328,67.35294342041016,67.56920623779297,64.1258316040039,1169178
2017-08-03,67.79412078857422,68.03633117675781,67.47404479980469,67.85466766357422,64.39675903320312,992542
2017-08-04,67.8979263305664,68.29584503173828,67.820068359375,68.09688568115234,64.62662506103516,963064
2017-08-07,68.03633117675781,68.55536651611328,68.01902770996094,68.22664642333984,64.7497787475586,1409164
2017-08-08,67.8719711303711,68.5899658203125,66.83390808105469,67.03287506103516,63.61684799194336,3175994
2017-08-09,68.92733764648438,73.09688568115234,68.91868591308594,71.7820053100586,68.12395477294922,5334709
2017-08-10,71.09861755371094,71.4100341796875,69.8096923828125,70.30276489257812,66.7200927734375,2848500
2017-08-11,70.46712493896484,71.10726928710938,69.93944549560547,70.97750854492188,67.3604507446289,1794343
2017-08-14,71.63494873046875,73.04498291015625,71.36678314208984,72.86331939697266,69.15016174316406,2799138
2017-08-15,73.05363464355469,74.12629699707031,72.49134826660156,73.8321762084961,70.06964111328125,2550714
2017-08-16,73.84082794189453,74.46366882324219,73.49481201171875,74.21280670166016,70.4308853149414,1724521
2017-08-17,73.9619369506836,74.21280670166016,72.29238891601562,72.30104064941406,68.61653900146484,2049241
2017-08-18,72.24913787841797,72.77681732177734,71.62629699707031,72.09342956542969,68.41950225830078,2060686
2017-08-21,72.11937713623047,72.38754272460938,71.66954803466797,72.03287506103516,68.36204528808594,1264086
2017-08-22,72.2318344116211,74.039794921875,72.2318344116211,73.97058868408203,70.20099639892578,2249807
2017-08-23,73.46885681152344,73.7283706665039,73.01038360595703,73.5899658203125,69.83977508544922,2614872
2017-08-24,73.9619369506836,74.22145080566406,73.46885681152344,73.55536651611328,69.80694580078125,1298766
2017-08-25,73.8581314086914,74.04844665527344,73.30449676513672,73.42560577392578,69.6838150024414,891738
2017-08-28,73.43425750732422,73.5899658203125,72.7681655883789,73.34774780273438,69.60990142822266,852203
2017-08-29,72.93252563476562,73.47750854492188,72.77681732177734,73.2698974609375,69.53602600097656,985490
2017-08-30,73.17474365234375,73.33045196533203,72.73356628417969,73.03633117675781,69.3143539428711,871971
2017-08-31,73.42560577392578,73.7716293334961,73.02767944335938,73.52941131591797,69.78231811523438,1737815
2017-09-01,73.6418685913086,73.8581314086914,73.14878845214844,73.45155334472656,69.85636138916016,872318
2017-09-05,73.1920394897461,74.14360046386719,72.8719711303711,73.04498291015625,69.46968078613281,1607765
2017-09-06,73.03633117675781,73.460205078125,72.34429168701172,72.67301177978516,69.11590576171875,1406621
2017-09-07,72.88927459716797,72.95848083496094,72.24913787841797,72.9498291015625,69.37918853759766,1963697
2017-09-08,72.91522216796875,73.17474365234375,72.30104064941406,72.81141662597656,69.24754333496094,1929942
2017-09-11,73.39100646972656,74.27335357666016,72.820068359375,73.74567413330078,70.13607025146484,3454244
2017-09-12,74.02249145507812,74.64533233642578,73.92733764648438,74.31661224365234,70.6790771484375,2356506
2017-09-13,74.22145080566406,74.22145080566406,73.30449676513672,73.84082794189453,70.22657775878906,3108137
2017-09-14,73.5121078491211,74.23875427246094,73.09688568115234,73.87543487548828,70.25948333740234,2785960
2017-09-15,74.20415496826172,74.24740600585938,73.49481201171875,73.5899658203125,69.98798370361328,2600653
2017-09-18,73.59861755371094,73.86678314208984,73.29584503173828,73.39965057373047,69.8069839477539,1467426
2017-09-19,73.44290924072266,73.57266235351562,73.23529052734375,73.33045196533203,69.74118041992188,962832
2017-09-20,73.3218002319336,73.79757690429688,72.88927459716797,73.43425750732422,69.83989715576172,2300787
2017-09-21,73.11418914794922,73.86678314208984,72.9498291015625,73.39100646972656,69.79876708984375,1599210
2017-09-22,73.02767944335938,74.38581085205078,72.88062286376953,73.97058868408203,70.34996795654297,3091144
2017-09-25,73.81488037109375,74.03114318847656,72.49134826660156,73.15744018554688,69.5766372680664,1901042
2017-09-26,73.06228637695312,73.13148498535156,72.5519027709961,72.6816635131836,69.12415313720703,1069531
2017-09-27,73.18338775634766,73.5899658203125,72.80276489257812,73.20069122314453,69.6177749633789,1247786
2017-09-28,72.88062286376953,73.50346374511719,72.60380554199219,73.34774780273438,69.75762176513672,1094616
2017-09-29,73.11418914794922,74.42041778564453,73.01902770996094,74.29065704345703,70.65438842773438,1707412
2017-10-02,74.29065704345703,75.04325103759766,73.56401062011719,73.8321762084961,70.21833801269531,2172933
2017-10-03,73.84947967529297,74.16089630126953,73.52941131591797,73.62456512451172,70.02088928222656,1307667
2017-10-04,73.62456512451172,74.06574249267578,73.39965057373047,73.9619369506836,70.34174346923828,858446
2017-10-05,73.93598937988281,74.51557159423828,73.71107482910156,74.20415496826172,70.57210540771484,2111896
2017-10-06,74.2820053100586,75.64013671875,73.99653625488281,75.64013671875,71.93781280517578,2559153
2017-10-09,75.95155334472656,77.43944549560547,75.66609191894531,76.47924041748047,72.73583984375,2214665
2017-10-10,76.4878921508789,76.75605773925781,75.92560577392578,76.20242309570312,72.47257995605469,1813764
2017-10-11,75.97750854492188,76.11591339111328,75.31141662597656,75.8218002319336,72.11058044433594,2340206
2017-10-12,79.63668060302734,80.79584503173828,77.4221420288086,78.89273071289062,75.03121185302734,4973343
2017-10-13,79.23875427246094,79.57612609863281,78.67646789550781,78.75432586669922,74.89957427978516,2342518
2017-10-16,78.7716293334961,79.4117660522461,78.5899658203125,79.14360046386719,75.2697982788086,2012134
2017-10-17,79.05709075927734,79.78373718261719,78.86678314208984,79.679931640625,75.77987670898438,2787694
2017-10-18,80.14705657958984,80.16436004638672,79.21280670166016,79.21280670166016,75.33560943603516,1589153
2017-10-19,78.7197265625,78.79757690429688,77.95848083496094,78.74567413330078,74.89134216308594,2251426
2017-10-20,79.16954803466797,79.4982681274414,78.79757690429688,79.48961639404297,75.59886932373047,1791106
2017-10-23,79.82698822021484,80.10380554199219,79.10034942626953,79.14360046386719,75.2697982788086,912778
2017-10-24,79.06574249267578,79.22145080566406,78.78892517089844,79.07439422607422,75.20397186279297,852203
2017-10-25,78.84947967529297,79.06574249267578,78.14013671875,78.39965057373047,74.56226348876953,1288940
2017-10-26,78.9878921508789,79.04844665527344,78.28719329833984,78.65917205810547,74.80907440185547,737759
2017-10-27,78.75432586669922,80.04325103759766,78.0882339477539,79.50691986083984,75.61532592773438,1119933
2017-10-30,79.29930877685547,79.29930877685547,78.23529052734375,78.87543487548828,75.0147476196289,1094616
2017-10-31,78.93598937988281,79.48961639404297,78.39965057373047,79.16954803466797,75.29446411132812,1175883
2017-11-01,79.57612609863281,80.04325103759766,78.62456512451172,79.15225219726562,75.27802276611328,1324545
2017-11-02,78.7802734375,79.10899353027344,78.30449676513672,78.45155334472656,74.61161804199219,1858964
2017-11-03,78.42560577392578,79.35121154785156,77.98442840576172,79.10899353027344,75.23688507080078,1523377
2017-11-06,78.8581314086914,80.63148498535156,78.80622863769531,80.46712493896484,76.52851867675781,1727758
2017-11-07,80.41522216796875,80.44117736816406,79.25605773925781,80.04325103759766,76.12539672851562,3677698
2017-11-08,83.9100341796875,85.64013671875,82.64705657958984,83.69377136230469,79.59724426269531,4833698
2017-11-09,83.56401062011719,84.08304595947266,81.71280670166016,81.85986328125,77.85311126708984,2564586
2017-11-10,81.82525634765625,83.14878845214844,81.79065704345703,82.99308013916016,78.93085479736328,1491356
2017-11-13,82.95848083496094,84.46366882324219,82.73356628417969,83.73702239990234,79.63838195800781,2199521
2017-11-14,83.65052032470703,83.74567413330078,82.43079376220703,82.83737182617188,78.78275299072266,1232412
2017-11-15,82.49134826660156,83.27854919433594,81.79930877685547,83.03633117675781,78.97199249267578,1332290
2017-11-16,83.14878845214844,84.47232055664062,83.04498291015625,84.18685150146484,80.06619262695312,1676547
2017-11-17,83.81488037109375,84.08304595947266,83.46885681152344,83.82353210449219,79.72065734863281,1267670
2017-11-20,83.9100341796875,85.44117736816406,83.73702239990234,84.69723510742188,80.55160522460938,1129412
2017-11-21,85.23356628417969,86.02075958251953,84.7318344116211,85.65744018554688,81.46480560302734,1457369
2017-11-22,85.47577667236328,85.48442840576172,84.42906951904297,84.59342956542969,80.452880859375,902027
2017-11-24,84.93944549560547,85.20761108398438,84.51557159423828,84.56747436523438,80.42817687988281,435696
2017-11-27,84.8615951538086,85.1816635131836,84.34255981445312,84.37716674804688,80.2472152709961,1670304
2017-11-28,84.77508544921875,85.63148498535156,84.47232055664062,84.77508544921875,80.62564086914062,2743188
2017-11-29,84.8183364868164,84.87889099121094,82.39619445800781,82.6297607421875,78.58531951904297,1779431
2017-11-30,82.93252563476562,83.87543487548828,82.6903076171875,83.16609191894531,79.09539794921875,3043748
2017-12-01,83.13148498535156,83.4083023071289,81.13321685791016,82.6816635131836,78.6346664428711,1665912
2017-12-04,82.8979263305664,82.95848083496094,80.0778579711914,80.64013671875,76.69307708740234,2058605
2017-12-05,80.06055450439453,81.47924041748047,79.61072540283203,80.33737182617188,76.55296325683594,1604644
2017-12-06,80.38927459716797,81.75605773925781,80.04325103759766,80.77854919433594,76.97335052490234,1268941
2017-12-07,80.70934295654297,82.02422332763672,80.70934295654297,81.87716674804688,78.02021026611328,1753421
2017-12-08,82.179931640625,83.09688568115234,81.76470947265625,82.98442840576172,79.0753173828125,1430781
2017-12-11,82.85466766357422,83.74567413330078,82.58650207519531,82.84602355957031,78.94342041015625,1313100
2017-12-12,82.82872009277344,82.82872009277344,81.76470947265625,81.9982681274414,78.13561248779297,1864050
2017-12-13,81.98097229003906,83.04498291015625,81.84255981445312,82.13668060302734,78.26749420166016,1880465
2017-12-14,82.13668060302734,82.3096923828125,81.10726928710938,81.4878921508789,77.6492691040039,1719434
2017-12-15,82.11937713623047,82.66436004638672,81.34082794189453,82.39619445800781,78.51478576660156,2450720
2017-12-18,82.8979263305664,83.42560577392578,82.61245727539062,82.96712493896484,79.0588150024414,1613082
2017-12-19,82.82872009277344,82.82872009277344,81.87716674804688,82.11937713623047,78.25100708007812,2337663
2017-12-20,82.69895935058594,83.68511962890625,82.3096923828125,82.50865173339844,78.62194061279297,1559675
2017-12-21,82.91522216796875,83.7197265625,82.820068359375,83.3218002319336,79.39678955078125,1504072
2017-12-22,83.09688568115234,83.31314849853516,82.67301177978516,82.9498291015625,79.04234313964844,1275877
2017-12-26,82.7681655883789,83.33910369873047,82.47404479980469,82.95848083496094,79.05058288574219,472457
2017-12-27,83.09688568115234,83.09688568115234,81.65225219726562,81.94636535644531,78.08614349365234,2121260
2017-12-28,81.96366882324219,82.51730346679688,81.76470947265625,82.15397644042969,78.28397369384766,783537
2017-12-29,82.25778198242188,82.52595520019531,81.66089630126953,82.09342956542969,78.22628021240234,1018898
2018-01-02,82.09342956542969,82.65570831298828,81.79065704345703,82.22318267822266,78.34992218017578,1209754
2018-01-03,82.59515380859375,84.10899353027344,82.52595520019531,83.7802734375,79.83367156982422,1684754
2018-01-04,84.26470947265625,86.49653625488281,84.19550323486328,85.79584503173828,81.75428771972656,2446905
2018-01-05,86.07266235351562,87.1280288696289,85.44117736816406,87.0501708984375,82.94952392578125,1437717
2018-01-08,87.01557159423828,87.50865173339844,86.539794921875,86.98097229003906,82.88358306884766,1321886
2018-01-09,87.11072540283203,88.84947967529297,86.64360046386719,87.91522216796875,83.77383422851562,2065194
2018-01-10,87.24913787841797,87.6816635131836,86.60034942626953,87.56920623779297,83.44410705566406,1195651
2018-01-11,87.820068359375,88.01902770996094,87.07612609863281,87.4480972290039,83.32869720458984,1481530
2018-01-12,87.69895935058594,87.85466766357422,86.84255981445312,87.62110900878906,83.49356842041016,1332868
2018-01-16,88.05363464355469,89.05709075927734,86.9117660522461,87.4221420288086,83.30398559570312,1854455
2018-01-17,87.71626281738281,87.96712493896484,86.94636535644531,87.03287506103516,82.93305206298828,1991672
2018-01-18,86.83390808105469,87.26643371582031,86.68685150146484,86.92041778564453,82.82588958740234,1772032
2018-01-19,87.3702392578125,87.72491455078125,86.71280670166016,87.35294342041016,83.238037109375,2286452
2018-01-22,87.15397644042969,88.0882339477539,86.72145080566406,87.98442840576172,83.83976745605469,1742092
2018-01-23,88.02767944335938,88.8321762084961,87.50865173339844,88.1920394897461,84.03759765625,1177270
2018-01-24,88.23529052734375,88.8321762084961,87.19723510742188,87.53459930419922,83.4111328125,1753883
2018-01-25,87.820068359375,88.8581314086914,87.820068359375,88.11418914794922,83.96343994140625,1719666
2018-01-26,88.41695404052734,88.86678314208984,88.05363464355469,88.6678237915039,84.49098205566406,1424654
2018-01-29,88.61591339111328,88.7283706665039,86.47924041748047,86.60899353027344,82.52913665771484,1357491
2018-01-30,86.36678314208984,86.43598937988281,85.12110900878906,85.64013671875,81.60591125488281,2232698
2018-01-31,86.94636535644531,87.85466766357422,85.91695404052734,86.11591339111328,82.05927276611328,1809140
2018-02-01,85.59688568115234,86.64360046386719,85.30276489257812,86.06401062011719,82.00982666015625,1264086
2018-02-02,85.7179946899414,87.32698822021484,85.28546905517578,85.54498291015625,81.51525115966797,2153512
2018-02-05,85.1384048461914,86.66954803466797,82.30104064941406,83.12283325195312,79.20720672607422,2204145
2018-02-06,81.43598937988281,83.48616027832031,80.59688568115234,82.99308013916016,79.08354949951172,2596492
2018-02-07,82.6816635131836,84.42041778564453,82.5778579711914,83.11418914794922,79.19895935058594,1784055
2018-02-08,83.09688568115234,83.22664642333984,79.24740600585938,79.51557159423828,75.76985931396484,4475685
2018-02-09,81.83390808105469,84.51557159423828,79.80104064941406,83.90138244628906,79.94905853271484,4113395
2018-02-12,84.55882263183594,86.02941131591797,84.24740600585938,84.68858337402344,80.69918823242188,2941442
2018-02-13,83.9878921508789,85.09515380859375,82.74221801757812,84.11764526367188,80.15515899658203,1640595
2018-02-14,83.52075958251953,86.79065704345703,83.460205078125,86.62629699707031,82.54560852050781,3191022
2018-02-15,87.06747436523438,87.46540069580078,85.60553741455078,87.4480972290039,83.32869720458984,2014561
2018-02-16,87.2318344116211,88.10553741455078,86.9117660522461,87.21453094482422,83.10614013671875,1862085
2018-02-20,86.58304595947266,87.70761108398438,86.17646789550781,87.08477783203125,82.98250579833984,1317146
2018-02-21,87.15397644042969,89.76643371582031,87.0501708984375,87.26643371582031,83.15560150146484,1949710
2018-02-22,87.54325103759766,88.84082794189453,87.3702392578125,87.46540069580078,83.3451919555664,1070340
2018-02-23,88.13148498535156,89.9480972290039,87.74221801757812,89.9480972290039,85.71094512939453,1446618
2018-02-26,90.0778579711914,90.83045196533203,89.61937713623047,90.51902770996094,86.2549819946289,1471704
2018-02-27,90.34602355957031,90.81314849853516,89.16954803466797,89.22145080566406,85.01853942871094,2006932
2018-02-28,90.02595520019531,90.62283325195312,88.6678237915039,88.70242309570312,84.5239486694336,3884507
2018-03-01,88.97924041748047,90.25086212158203,86.75605773925781,87.3096923828125,83.19683074951172,2177904
2018-03-02,86.54844665527344,87.6297607421875,86.41868591308594,87.45674896240234,83.33695220947266,1141781
2018-03-05,87.04151916503906,88.63321685791016,86.0380630493164,88.23529052734375,84.07881927490234,2355234
2018-03-06,88.7802734375,89.53287506103516,87.75951385498047,88.10553741455078,83.9551773071289,1111147
2018-03-07,87.26643371582031,88.7197265625,87.26643371582031,88.58131408691406,84.40855407714844,1523377
2018-03-08,88.67646789550781,89.34255981445312,88.16609191894531,89.24740600585938,85.04325866699219,2661459
2018-03-09,89.96540069580078,92.67301177978516,89.6020736694336,92.3183364868164,87.96953582763672,2193510
2018-03-12,92.50865173339844,92.77681732177734,91.15917205810547,91.76470947265625,87.44198608398438,1439567
2018-03-13,92.4221420288086,93.07958221435547,91.42733764648438,91.7301025390625,87.40900421142578,2099180
2018-03-14,92.26643371582031,92.27508544921875,90.1297607421875,90.25951385498047,86.0076904296875,1795037
2018-03-15,90.40657043457031,91.18511962890625,90.0,90.34602355957031,86.09013366699219,1835266
2018-03-16,90.3979263305664,91.36678314208984,90.08650207519531,90.40657043457031,86.14781951904297,2467366
2018-03-19,90.12110900878906,91.57439422607422,89.8615951538086,91.47924041748047,87.16996002197266,2055946
2018-03-20,91.52249145507812,93.29584503173828,91.47924041748047,92.82872009277344,88.45587158203125,2161836
2018-03-21,92.62110900878906,92.91522216796875,91.8079605102539,92.02422332763672,87.68927764892578,3386155
2018-03-22,91.17646789550781,91.41868591308594,88.92733764648438,89.13494873046875,84.93610382080078,2414537
2018-03-23,89.16954803466797,90.31141662597656,87.53459930419922,87.71626281738281,83.58423614501953,1837000
2018-03-26,89.02249145507812,90.20761108398438,88.39100646972656,89.91349792480469,85.67797088623047,2341131
2018-03-27,90.46712493896484,90.64878845214844,87.6816635131836,88.20934295654297,84.19992065429688,2023578
2018-03-28,88.36505126953125,88.8321762084961,86.66954803466797,87.02422332763672,83.06865692138672,2317086
2018-03-29,87.43079376220703,88.04498291015625,86.49653625488281,86.96366882324219,83.01084899902344,4823872
2018-04-02,87.05882263183594,88.23529052734375,85.35466766357422,86.05536651611328,82.14384460449219,2602734
2018-04-03,86.1678237915039,86.73875427246094,85.41522216796875,86.61764526367188,82.6805648803711,1377258
2018-04-04,85.19895935058594,87.98442840576172,85.06920623779297,87.7681655883789,83.7787857055664,1611811
2018-04-05,88.4083023071289,89.19550323486328,87.34429168701172,88.34774780273438,84.33202362060547,2317664
2018-04-06,87.65570831298828,88.33045196533203,85.67474365234375,86.29757690429688,82.37504577636719,1776541
2018-04-09,86.51383972167969,87.81141662597656,86.34947967529297,86.539794921875,82.60625457763672,2126000
2018-04-10,87.86331939697266,88.89273071289062,87.4480972290039,88.69377136230469,84.66232299804688,2345640
2018-04-11,87.92387390136719,89.26470947265625,87.83737182617188,88.65052032470703,84.62103271484375,1982309
2018-04-12,89.31661224365234,90.51038360595703,88.9100341796875,89.96540069580078,85.87615203857422,2708392
2018-04-13,90.40657043457031,90.4498291015625,88.87543487548828,89.16954803466797,85.1164779663086,2193626
2018-04-16,89.99134826660156,90.1816635131836,89.37716674804688,89.97404479980469,85.88440704345703,1027568
2018-04-17,90.64878845214844,90.8218002319336,90.12110900878906,90.23356628417969,86.13211822509766,2539963
2018-04-18,90.23356628417969,90.65744018554688,89.04844665527344,90.38927459716797,86.28075408935547,1043637
2018-04-19,89.85294342041016,90.77854919433594,89.31661224365234,90.01730346679688,85.92568969726562,1140278
2018-04-20,90.1384048461914,90.45848083496094,89.08304595947266,89.54151916503906,85.4715347290039,2034907
2018-04-23,89.9480972290039,90.17301177978516,89.42041778564453,89.96540069580078,85.87615203857422,1165132
2018-04-24,90.15570831298828,90.65744018554688,87.99308013916016,89.10034942626953,85.0504150390625,1219811
2018-04-25,88.82353210449219,88.94463348388672,87.5,88.07958221435547,84.0760498046875,1290443
2018-04-26,88.52075958251953,89.74048614501953,88.35639953613281,89.6280288696289,85.55411529541016,1446503
2018-04-27,89.6280288696289,89.95674896240234,88.22664642333984,89.51557159423828,85.4467544555664,2015370
2018-04-30,89.85294342041016,90.21626281738281,89.15225219726562,89.15225219726562,85.09996795654297,2250501
2018-05-01,89.23875427246094,89.7318344116211,88.17474365234375,88.9100341796875,84.8687515258789,914974
2018-05-02,88.84082794189453,89.2820053100586,87.83737182617188,87.9498291015625,83.95219421386719,894513
2018-05-03,87.5778579711914,87.91522216796875,85.94290924072266,87.5519027709961,83.57235717773438,1815036
2018-05-04,87.24048614501953,88.49481201171875,86.8079605102539,88.24394226074219,84.23294830322266,1122823
2018-05-07,88.18338775634766,88.5380630493164,87.40484619140625,87.6816635131836,83.69622039794922,1633428
2018-05-08,87.3183364868164,89.10034942626953,86.98097229003906,88.86678314208984,84.82747650146484,2504358
2018-05-09,89.01383972167969,89.5501708984375,88.2698974609375,89.48097229003906,85.41374206542969,1603025
2018-05-10,89.68858337402344,90.51902770996094,89.36851501464844,90.19895935058594,86.09908294677734,1869830
2018-05-11,90.22491455078125,90.74394226074219,89.76643371582031,90.48442840576172,86.37157440185547,1317031
2018-05-14,90.84774780273438,90.84774780273438,88.68511962890625,88.73702239990234,84.70362091064453,2752089
2018-05-15,88.49481201171875,88.6678237915039,86.66089630126953,87.25778198242188,83.29161071777344,2168772
2018-05-16,87.3183364868164,87.85466766357422,86.89446258544922,87.16262817382812,83.20076751708984,1558172
2018-05-17,87.24048614501953,87.28373718261719,86.15052032470703,86.42733764648438,82.49890899658203,1041094
2018-05-18,86.39273071289062,87.30104064941406,86.00346374511719,86.70415496826172,82.76313781738281,1999649
2018-05-21,87.02422332763672,88.07093048095703,87.01557159423828,87.34429168701172,83.37418365478516,3145707
2018-05-22,87.3702392578125,87.47404479980469,85.91695404052734,85.97750854492188,82.06951904296875,2739142
2018-05-23,85.47577667236328,86.6781997680664,85.29412078857422,86.57439422607422,82.6392822265625,1964275
2018-05-24,86.85986328125,87.25778198242188,85.55363464355469,86.24567413330078,82.32549285888672,3034847
2018-05-25,86.07266235351562,86.07266235351562,81.07266235351562,81.49653625488281,77.79222106933594,7036225
2018-05-29,80.35466766357422,80.7698974609375,76.24567413330078,77.84602355957031,74.3076400756836,6863750
2018-05-30,79.70587921142578,82.66436004638672,79.42906951904297,80.16436004638672,76.5206069946289,7110672
2018-05-31,80.19895935058594,80.44117736816406,79.12629699707031,79.679931640625,76.05819702148438,4599493
2018-06-01,80.83000183105469,83.4000015258789,79.68000030517578,79.68000030517578,76.05826568603516,3920700
2018-06-04,83.2300033569336,84.91999816894531,83.18000030517578,84.29000091552734,80.4587173461914,3704600
2018-06-05,83.87000274658203,84.7300033569336,83.55000305175781,83.94000244140625,80.30565643310547,2006100
2018-06-06,83.7699966430664,85.1500015258789,83.7699966430664,84.75,81.08057403564453,2017500
2018-06-07,85.0,85.44000244140625,83.7300033569336,84.4000015258789,80.7457275390625,2524800
2018-06-08,84.38999938964844,85.81999969482422,84.16999816894531,85.54000091552734,81.83636474609375,1566100
2018-06-11,85.5,85.7300033569336,84.80999755859375,84.9000015258789,81.22409057617188,2695900
2018-06-12,85.19000244140625,85.83999633789062,84.23999786376953,84.69000244140625,81.02317810058594,2804800
2018-06-13,84.7300033569336,85.63999938964844,84.31999969482422,84.4800033569336,80.82225799560547,2794700
2018-06-14,84.51000213623047,85.27999877929688,84.08999633789062,84.44999694824219,80.79356384277344,1667900
2018-06-15,84.44999694824219,84.45999908447266,83.44999694824219,83.86000061035156,80.22911071777344,2683400
2018-06-18,82.77999877929688,83.72000122070312,81.55999755859375,83.6500015258789,80.02820587158203,1836300
2018-06-19,82.58999633789062,83.44000244140625,82.5,83.05999755859375,79.46373748779297,2053100
2018-06-20,83.61000061035156,83.73999786376953,82.1500015258789,82.31999969482422,78.75579071044922,2182800
2018-06-21,82.1500015258789,82.63999938964844,80.87999725341797,81.08000183105469,77.56946563720703,2257800
2018-06-22,81.80999755859375,81.94999694824219,80.20999908447266,80.8499984741211,77.34942626953125,5060100
2018-06-25,80.69000244140625,80.8499984741211,78.47000122070312,78.83000183105469,75.4168930053711,2689300
2018-06-26,78.87000274658203,79.68000030517578,78.05000305175781,78.5,75.10118865966797,2938200
2018-06-27,78.66999816894531,79.76000213623047,77.95999908447266,78.61000061035156,75.2064208984375,3438900
2018-06-28,78.62000274658203,80.6500015258789,78.61000061035156,79.9800033569336,76.5171127319336,2567800
2018-06-29,80.1500015258789,81.36000061035156,79.91000366210938,80.61000061035156,77.11981964111328,2451200
2018-07-02,79.66999816894531,82.05999755859375,79.66999816894531,82.0,78.44963836669922,2467900
2018-07-03,82.41999816894531,83.20999908447266,81.80000305175781,82.0,78.44963836669922,1615200
2018-07-05,82.36000061035156,83.52999877929688,81.95999908447266,83.19999694824219,79.59768676757812,2493000
2018-07-06,83.16999816894531,84.13999938964844,82.76000213623047,83.55000305175781,79.93254089355469,2381000
2018-07-09,83.54000091552734,84.62000274658203,83.29000091552734,84.22000122070312,80.57351684570312,1647200
2018-07-10,84.55999755859375,85.26000213623047,84.37999725341797,84.98999786376953,81.3101806640625,3052500
2018-07-11,84.12999725341797,84.86000061035156,83.91000366210938,84.05000305175781,80.410888671875,1352700
2018-07-12,84.5,85.69999694824219,84.08999633789062,85.63999938964844,81.9320297241211,2649600
2018-07-13,85.5199966430664,86.3499984741211,84.87000274658203,86.1500015258789,82.41995239257812,2187800
2018-07-16,86.36000061035156,86.36000061035156,85.63999938964844,85.72000122070312,82.0085678100586,1148600
2018-07-17,85.58999633789062,86.58999633789062,85.05000305175781,86.54000091552734,82.79306030273438,1322300
2018-07-18,86.4000015258789,87.19999694824219,85.61000061035156,87.0999984741211,83.32882690429688,1743900
2018-07-19,87.05000305175781,87.86000061035156,86.94000244140625,87.16999816894531,83.39579010009766,1541900
2018-07-20,87.02999877929688,87.55999755859375,86.80999755859375,87.04000091552734,83.27142333984375,1795400
2018-07-23,87.0199966430664,88.0,86.6500015258789,87.69000244140625,83.8932876586914,1264300
2018-07-24,88.29000091552734,88.29000091552734,86.55999755859375,86.94000244140625,83.17575073242188,1779500
2018-07-25,86.9800033569336,88.23999786376953,86.7699966430664,88.23999786376953,84.41946411132812,1462900
2018-07-26,88.22000122070312,88.52999877929688,87.11000061035156,87.16999816894531,83.39579010009766,1634800
2018-07-27,87.2300033569336,87.58999633789062,85.12000274658203,85.87000274658203,82.15208435058594,1416200
2018-07-30,85.93000030517578,85.98999786376953,84.19000244140625,84.51000213623047,80.8509750366211,1696400
2018-07-31,84.87999725341797,85.37999725341797,84.47000122070312,84.73999786376953,81.07099914550781,2040700
2018-08-01,84.37000274658203,85.91000366210938,84.37000274658203,85.88999938964844,82.17121887207031,1479200
2018-08-02,84.94999694824219,86.5999984741211,84.06999969482422,86.0999984741211,82.37213134765625,1859500
2018-08-03,86.51000213623047,86.87999725341797,85.52999877929688,86.4000015258789,82.65913391113281,1568300
2018-08-06,86.19999694824219,87.0999984741211,85.88999938964844,86.9000015258789,83.13748931884766,1171500
2018-08-07,87.23999786376953,87.61000061035156,86.95999908447266,87.08000183105469,83.30970001220703,1888300
2018-08-08,89.30000305175781,90.04000091552734,87.11000061035156,88.98999786376953,85.13699340820312,3426800
2018-08-09,88.9000015258789,89.06999969482422,87.0999984741211,87.25,83.47232055664062,1824000
2018-08-10,86.5199966430664,86.94999694824219,85.0,86.0999984741211,82.37213134765625,1717200
2018-08-13,86.0199966430664,86.37000274658203,84.51000213623047,84.58999633789062,80.927490234375,2546300
2018-08-14,84.7699966430664,86.62999725341797,84.29000091552734,86.55999755859375,82.81220245361328,2228400
2018-08-15,86.20999908447266,86.58999633789062,85.45999908447266,86.5199966430664,82.77393341064453,1922800
2018-08-16,87.44000244140625,87.69000244140625,86.5199966430664,86.75,82.99397277832031,1434700
2018-08-17,86.5,88.13999938964844,86.5,87.37000274658203,83.5871353149414,1847100
2018-08-20,87.37999725341797,87.8499984741211,86.5999984741211,87.68000030517578,83.88371276855469,1154900
2018-08-21,87.56999969482422,88.63999938964844,87.56999969482422,88.19999694824219,84.3812026977539,1927000
2018-08-22,87.87999725341797,88.48999786376953,87.41999816894531,88.43000030517578,84.60124206542969,1383800
2018-08-23,88.5199966430664,89.13999938964844,88.2300033569336,88.61000061035156,84.77344512939453,2183700
2018-08-24,88.93000030517578,90.38999938964844,88.83000183105469,89.63999938964844,85.75885009765625,1564800
2018-08-27,90.22000122070312,90.72000122070312,89.6500015258789,89.7699966430664,85.88321685791016,1261700
2018-08-28,89.88999938964844,90.19999694824219,89.41000366210938,90.05999755859375,86.16067504882812,1351500
2018-08-29,90.23999786376953,91.18000030517578,90.16000366210938,91.13999938964844,87.19390106201172,934300
2018-08-30,90.98999786376953,91.43000030517578,90.0999984741211,90.66000366210938,86.73468780517578,1397600
2018-08-31,90.41000366210938,91.29000091552734,90.05999755859375,91.08999633789062,87.14606475830078,1292100
2018-09-04,90.4000015258789,90.76000213623047,89.80000305175781,90.70999908447266,86.96390533447266,1176900
2018-09-05,90.44999694824219,90.55000305175781,89.12000274658203,90.06999969482422,86.35034942626953,1870800
2018-09-06,89.8499984741211,91.08999633789062,89.8499984741211,90.83000183105469,87.07896423339844,1383700
2018-09-07,90.55999755859375,91.36000061035156,90.12000274658203,90.19999694824219,86.4749755859375,2491700
2018-09-10,90.51000213623047,90.83000183105469,89.66000366210938,89.7699966430664,86.06272888183594,1263200
2018-09-11,89.7699966430664,90.48999786376953,89.48999786376953,90.04000091552734,86.32159423828125,1100600
2018-09-12,90.0,91.55000305175781,89.2300033569336,91.41999816894531,87.64459991455078,2056600
2018-09-13,91.80999755859375,92.76000213623047,91.38999938964844,92.54000091552734,88.71833801269531,1324600
2018-09-14,92.7300033569336,93.16000366210938,92.27999877929688,92.45999908447266,88.64164733886719,1081200
2018-09-17,92.69000244140625,93.19000244140625,92.5199966430664,92.73999786376953,88.91007995605469,1787200
2018-09-18,92.73999786376953,93.44999694824219,92.7300033569336,92.8499984741211,89.01553344726562,1995100
2018-09-19,92.98999786376953,93.47000122070312,92.80999755859375,93.31999969482422,89.46612548828125,1104300
2018-09-20,93.80000305175781,95.04000091552734,93.54000091552734,94.81999969482422,90.9041976928711,2051100
2018-09-21,95.22000122070312,96.75,95.13999938964844,96.37999725341797,92.3997573852539,4308200
2018-09-24,95.91999816894531,96.26000213623047,94.30999755859375,94.33999633789062,90.44400787353516,1880500
2018-09-25,94.66000366210938,95.27999877929688,94.37000274658203,94.83999633789062,90.92335510253906,1531000
2018-09-26,94.95999908447266,95.16000366210938,94.0999984741211,94.23999786376953,90.34812927246094,953900
2018-09-27,94.2300033569336,94.62999725341797,93.58000183105469,93.7300033569336,89.85920715332031,807500
2018-09-28,93.44000244140625,94.33000183105469,93.43000030517578,93.5199966430664,89.65787506103516,1443200
2018-10-01,94.0999984741211,94.6500015258789,93.66000366210938,93.88999938964844,90.01258850097656,1169500
2018-10-02,93.83000183105469,94.12000274658203,93.12999725341797,93.43000030517578,89.57159423828125,995000
2018-10-03,93.88999938964844,94.0,93.27999877929688,93.66999816894531,89.80167388916016,857300
2018-10-04,93.19000244140625,93.72000122070312,92.26000213623047,92.91000366210938,89.07307434082031,1168900
2018-10-05,92.5199966430664,92.94999694824219,90.08999633789062,90.98999786376953,87.23234558105469,1167800
2018-10-08,90.4800033569336,91.16000366210938,89.36000061035156,90.08000183105469,86.35993957519531,935000
2018-10-09,89.70999908447266,90.38999938964844,89.12000274658203,89.6500015258789,85.94770050048828,1172100
2018-10-10,89.44999694824219,89.83000183105469,86.86000061035156,86.9000015258789,83.31126403808594,1915900
2018-10-11,86.62000274658203,88.83999633789062,85.48999786376953,85.87000274658203,82.32379913330078,2869100
2018-10-12,87.44999694824219,88.12999725341797,86.9000015258789,87.66000366210938,84.03987884521484,2091900
2018-10-15,87.36000061035156,87.98999786376953,87.1500015258789,87.41000366210938,83.80020904541016,1297900
2018-10-16,88.4800033569336,90.3499984741211,88.37000274658203,90.05999755859375,86.34076690673828,1603500
2018-10-17,90.01000213623047,90.30999755859375,88.2300033569336,89.47000122070312,85.7751235961914,1131000
2018-10-18,89.13999938964844,89.95999908447266,87.52999877929688,88.41000366210938,84.7589111328125,792900
2018-10-19,88.52999877929688,89.80999755859375,88.20999908447266,88.30000305175781,84.65345001220703,1034000
2018-10-22,88.73999786376953,89.0999984741211,87.88999938964844,88.66999816894531,85.00816345214844,2222400
2018-10-23,87.27999877929688,88.36000061035156,86.22000122070312,87.55999755859375,83.94400024414062,1384000
2018-10-24,86.86000061035156,87.19999694824219,69.51000213623047,73.25,70.22496032714844,17525300
2018-10-25,74.41000366210938,77.68000030517578,74.27999877929688,75.94000244140625,72.80388641357422,3463600
2018-10-26,74.27999877929688,74.70999908447266,72.52999877929688,73.12000274658203,70.100341796875,2208600
2018-10-29,74.29000091552734,74.9000015258789,68.58999633789062,69.54000091552734,66.6681900024414,3296900
2018-10-30,69.41999816894531,71.58000183105469,69.04000091552734,71.05999755859375,68.12541198730469,1904500
2018-10-31,72.33000183105469,74.08999633789062,71.83000183105469,72.83000183105469,69.82231903076172,2551300
2018-11-01,73.5,73.62999725341797,70.68000030517578,71.58000183105469,68.62393951416016,4860500
2018-11-02,71.5999984741211,72.45999908447266,69.45999908447266,70.62999725341797,67.71317291259766,3245100
2018-11-05,70.81999969482422,71.87999725341797,70.37999725341797,71.80999755859375,68.84442901611328,3063200
2018-11-06,72.0199966430664,73.4800033569336,71.47000122070312,72.20999908447266,69.22791290283203,5709000
2018-11-07,65.8499984741211,66.0,60.04999923706055,63.209999084472656,60.59959411621094,12178000
2018-11-08,63.619998931884766,66.58000183105469,62.63999938964844,63.2599983215332,60.647525787353516,5547300
2018-11-09,62.540000915527344,63.720001220703125,61.91999816894531,62.0,59.43956756591797,5121700
2018-11-12,61.66999816894531,62.81999969482422,61.400001525878906,62.0099983215332,59.449153900146484,4338200
2018-11-13,62.0,63.02000045776367,61.43000030517578,62.040000915527344,59.47791290283203,4249400
2018-11-14,62.56999969482422,63.2599983215332,61.209999084472656,61.65999984741211,59.113609313964844,3593300
2018-11-15,61.41999816894531,62.5,61.2400016784668,62.27000045776367,59.69841384887695,3901700
2018-11-16,61.91999816894531,63.189998626708984,61.5099983215332,62.689998626708984,60.101070404052734,3521100
2018-11-19,62.439998626708984,62.70000076293945,59.130001068115234,59.41999816894531,56.96611022949219,4365900
2018-11-20,58.20000076293945,59.54999923706055,57.70000076293945,57.790000915527344,55.40343475341797,6274000
2018-11-21,58.25,59.61000061035156,58.11000061035156,58.189998626708984,55.78690719604492,3996400
2018-11-23,57.59000015258789,58.86000061035156,57.59000015258789,57.970001220703125,55.575992584228516,1016200
2018-11-26,59.54999923706055,60.2400016784668,59.0099983215332,59.61000061035156,57.14826583862305,3153600
2018-11-27,59.130001068115234,61.029998779296875,59.130001068115234,60.58000183105469,58.078208923339844,2886200
2018-11-28,60.91999816894531,62.5099983215332,60.79999923706055,62.36000061035156,59.784698486328125,4420200
2018-11-29,62.119998931884766,63.040000915527344,61.97999954223633,62.310001373291016,59.73676681518555,1996400
2018-11-30,62.209999084472656,63.349998474121094,62.119998931884766,63.040000915527344,60.43661880493164,2977900
2018-12-03,63.959999084472656,64.4800033569336,63.09000015258789,63.5,60.877620697021484,2432800
2018-12-04,62.9900016784668,64.0199966430664,61.7400016784668,62.029998779296875,59.646793365478516,2687100
2018-12-06,60.619998931884766,60.869998931884766,59.22999954223633,60.52000045776367,58.1948127746582,4112600
2018-12-07,60.540000915527344,60.95000076293945,58.61000061035156,58.93000030517578,56.66590118408203,3888900
2018-12-10,58.970001220703125,59.459999084472656,57.77000045776367,58.86000061035156,56.59859085083008,2107800
2018-12-11,59.77000045776367,59.869998931884766,57.83000183105469,58.34000015258789,56.098567962646484,2742000
2018-12-12,59.0099983215332,59.4900016784668,58.040000915527344,58.150001525878906,55.915870666503906,2843500
2018-12-13,58.279998779296875,58.599998474121094,57.459999084472656,58.08000183105469,55.84855651855469,2853000
2018-12-14,57.5099983215332,58.16999816894531,56.45000076293945,56.7599983215332,54.57927322387695,1828500
2018-12-17,56.40999984741211,57.38999938964844,54.959999084472656,55.4900016784668,53.358070373535156,2786500
2018-12-18,55.91999816894531,56.439998626708984,54.779998779296875,55.18000030517578,53.059974670410156,2823100
2018-12-19,55.27000045776367,56.529998779296875,53.630001068115234,54.06999969482422,51.99262237548828,2922000
2018-12-20,53.7400016784668,54.220001220703125,51.77000045776367,52.7400016784668,50.71372604370117,3042900
2018-12-21,52.59000015258789,53.02000045776367,50.43000030517578,50.47999954223633,48.54055404663086,4839700
2018-12-24,50.33000183105469,51.060001373291016,49.54999923706055,50.029998779296875,48.10783386230469,1398500
2018-12-26,50.400001525878906,52.15999984741211,49.189998626708984,52.130001068115234,50.12715530395508,3174900
2018-12-27,51.47999954223633,53.439998626708984,51.43000030517578,53.439998626708984,51.38682556152344,2618200
2018-12-28,53.439998626708984,53.7599983215332,52.18000030517578,52.95000076293945,50.915653228759766,2165300
2018-12-31,53.11000061035156,53.5,52.279998779296875,53.16999816894531,51.127201080322266,1763800
2019-01-02,52.279998779296875,55.02000045776367,52.119998931884766,54.4900016784668,52.396488189697266,2497600
2019-01-03,54.11000061035156,55.77000045776367,53.900001525878906,54.709999084472656,52.608028411865234,3540400
2019-01-04,55.56999969482422,57.470001220703125,55.349998474121094,57.31999969482422,55.11775588989258,3596000
2019-01-07,54.5,58.029998779296875,54.33000183105469,57.36000061035156,55.15622329711914,8113100
2019-01-08,57.959999084472656,59.88999938964844,57.099998474121094,59.15999984741211,56.887062072753906,2954400
2019-01-09,59.310001373291016,59.97999954223633,58.63999938964844,59.189998626708984,56.91590881347656,3813700
2019-01-10,58.779998779296875,60.75,58.4900016784668,60.630001068115234,58.30059051513672,2267700
2019-01-11,60.18000030517578,61.099998474121094,59.849998474121094,61.08000183105469,58.733299255371094,1738300
2019-01-14,60.2599983215332,60.63999938964844,59.560001373291016,60.220001220703125,57.906341552734375,2162900
2019-01-15,60.45000076293945,60.81999969482422,59.88999938964844,60.709999084472656,58.37751388549805,1820700
2019-01-16,60.790000915527344,61.599998474121094,60.11000061035156,61.310001373291016,58.95446014404297,1840300
2019-01-17,61.15999984741211,62.20000076293945,60.779998779296875,61.939998626708984,59.56025314331055,915200
2019-01-18,62.5,63.119998931884766,62.040000915527344,62.619998931884766,60.21413040161133,2906500
2019-01-22,62.40999984741211,62.61000061035156,61.27000045776367,61.81999969482422,59.44486618041992,1480300
2019-01-23,62.220001220703125,63.029998779296875,61.0099983215332,62.02000045776367,59.63718032836914,1419900
2019-01-24,62.22999954223633,63.279998779296875,61.72999954223633,62.119998931884766,59.733341217041016,4284500
2019-01-25,62.95000076293945,63.59000015258789,62.540000915527344,63.34000015258789,60.906471252441406,1898700
2019-01-28,62.36000061035156,62.939998626708984,62.25,62.91999816894531,60.50260543823242,1354100
2019-01-29,62.9900016784668,63.25,62.34000015258789,62.459999084472656,60.060279846191406,962000
2019-01-30,62.619998931884766,64.2300033569336,62.18000030517578,64.18000030517578,61.714195251464844,2363600
2019-01-31,64.02999877929688,64.41999816894531,63.75,64.12000274658203,61.65650177001953,1533800
2019-02-01,64.37999725341797,65.48999786376953,64.37000274658203,65.0999984741211,62.598846435546875,2154100
2019-02-04,64.9000015258789,64.9000015258789,64.0199966430664,64.76000213623047,62.27191162109375,1114500
2019-02-05,64.94999694824219,65.26000213623047,64.61000061035156,64.70999908447266,62.22382736206055,1523100
2019-02-06,64.75,65.73999786376953,64.55999755859375,65.48999786376953,62.97385025024414,1846500
2019-02-07,65.16000366210938,65.23999786376953,63.4900016784668,64.61000061035156,62.12767028808594,2039700
2019-02-08,66.0,69.37000274658203,65.94000244140625,69.20999908447266,66.55094146728516,5251900
2019-02-11,68.88999938964844,69.44999694824219,67.13999938964844,67.23999786376953,64.65662384033203,3504000
2019-02-12,67.55999755859375,67.58000183105469,66.3499984741211,67.05000305175781,64.47392272949219,3362200
2019-02-13,67.33000183105469,67.81999969482422,67.06999969482422,67.19999694824219,64.61815643310547,1477500
2019-02-14,67.06999969482422,67.47000122070312,65.27999877929688,65.29000091552734,62.78154373168945,6454200
2019-02-15,65.95999908447266,65.98999786376953,63.849998474121094,65.45999908447266,62.94501876831055,3692300
2019-02-19,65.20999908447266,66.1500015258789,64.80999755859375,65.83000183105469,63.30079650878906,3044700
2019-02-20,66.0199966430664,67.2300033569336,65.5199966430664,66.44000244140625,63.887367248535156,2152100
2019-02-21,66.5999984741211,66.73999786376953,65.87999725341797,66.11000061035156,63.570037841796875,1492800
2019-02-22,66.44000244140625,66.66999816894531,66.08999633789062,66.66999816894531,64.10853576660156,1895100
2019-02-25,67.41999816894531,67.83000183105469,66.79000091552734,66.93000030517578,64.35853576660156,1380600
2019-02-26,66.86000061035156,67.27999877929688,66.45999908447266,67.18000030517578,64.59893798828125,2606700
2019-02-27,67.02999877929688,67.20999908447266,66.44000244140625,66.93000030517578,64.35853576660156,1096700
2019-02-28,66.97000122070312,66.97000122070312,65.81999969482422,65.86000061035156,63.329654693603516,1932500
2019-03-01,66.47000122070312,67.5999984741211,66.25,67.2699966430664,64.68547821044922,1827600
2019-03-04,67.41000366210938,67.62000274658203,65.77999877929688,66.01000213623047,63.47388458251953,1399900
2019-03-05,66.0,66.04000091552734,65.08999633789062,65.08999633789062,62.58922576904297,1844400
2019-03-06,65.08999633789062,65.23999786376953,64.19999694824219,64.26000213623047,61.79112243652344,2898300
2019-03-07,64.02999877929688,64.43000030517578,63.33000183105469,64.37999725341797,61.9065055847168,2354700
2019-03-08,63.619998931884766,64.27999877929688,63.15999984741211,64.19000244140625,61.72381591796875,1617900
2019-03-11,64.63999938964844,65.4800033569336,64.30000305175781,65.44000244140625,62.92578887939453,1926200
2019-03-12,65.68000030517578,66.0999984741211,64.9800033569336,65.11000061035156,62.60846710205078,1976400
2019-03-13,65.25,66.0199966430664,64.5,65.51000213623047,62.99309539794922,2037800
2019-03-14,65.38999938964844,65.54000091552734,65.0199966430664,65.31999969482422,62.810394287109375,1306200
2019-03-15,65.30000305175781,66.05999755859375,64.95999908447266,65.75,63.223876953125,5214100
2019-03-18,66.05999755859375,66.41999816894531,65.37999725341797,66.0999984741211,63.56043243408203,1142900
2019-03-19,66.5,66.81999969482422,66.2300033569336,66.38999938964844,63.839290618896484,1243000
2019-03-20,66.22000122070312,66.33999633789062,64.81999969482422,65.47000122070312,62.95463943481445,1702600
2019-03-21,65.26000213623047,66.88999938964844,65.26000213623047,66.63999938964844,64.07967376708984,1010100
2019-03-22,65.83999633789062,66.5,64.31999969482422,64.33999633789062,61.8680419921875,1187900
2019-03-25,64.27999877929688,64.76000213623047,63.470001220703125,64.41999816894531,61.94498062133789,982600
2019-03-26,64.87999725341797,65.5,64.33000183105469,64.83000183105469,62.52363586425781,1087600
2019-03-27,64.8499984741211,65.02999877929688,63.880001068115234,63.900001525878906,61.62671661376953,1317900
2019-03-28,64.26000213623047,64.69999694824219,63.849998474121094,64.30999755859375,62.02212905883789,841700
2019-03-29,64.7300033569336,65.16999816894531,64.12999725341797,64.30999755859375,62.02212905883789,2539200
2019-04-01,64.54000091552734,66.0999984741211,64.4000015258789,65.63999938964844,63.304813385009766,1582800
2019-04-02,65.62999725341797,65.7300033569336,64.1500015258789,64.19000244140625,61.90639877319336,2461100
2019-04-03,64.66999816894531,65.80000305175781,64.58000183105469,65.29000091552734,62.96726608276367,1689000
2019-04-04,65.55999755859375,65.76000213623047,64.69000244140625,64.72000122070312,62.417545318603516,1024600
2019-04-05,64.73999786376953,65.55999755859375,64.73999786376953,65.44999694824219,63.12157440185547,1295000
2019-04-08,65.26000213623047,65.55999755859375,64.51000213623047,64.63999938964844,62.340389251708984,1099100
2019-04-09,64.55999755859375,64.55999755859375,63.4900016784668,63.599998474121094,61.33738708496094,1808600
2019-04-10,63.88999938964844,64.41000366210938,63.5099983215332,64.4000015258789,62.10892868041992,2039700
2019-04-11,64.86000061035156,65.1500015258789,64.44999694824219,64.56999969482422,62.27287673950195,1099800
2019-04-12,64.91999816894531,66.05000305175781,64.76000213623047,65.9800033569336,63.63271713256836,1545900
2019-04-15,66.68000030517578,66.68000030517578,65.2699966430664,65.75,63.41090393066406,1046400
2019-04-16,65.88999938964844,66.3499984741211,65.7300033569336,65.98999786376953,63.64236068725586,1046300
2019-04-17,66.2300033569336,66.2300033569336,65.12999725341797,65.19999694824219,62.88046646118164,1341500
2019-04-18,65.13999938964844,65.19999694824219,63.90999984741211,64.58000183105469,62.28252410888672,1443200
2019-04-22,64.22000122070312,64.63999938964844,64.05000305175781,64.61000061035156,62.31145477294922,847000
2019-04-23,64.79000091552734,66.36000061035156,64.5199966430664,65.86000061035156,63.516990661621094,1262100
2019-04-24,65.91999816894531,65.91999816894531,64.51000213623047,64.91999816894531,62.61042785644531,876200
2019-04-25,64.86000061035156,64.86000061035156,63.65999984741211,64.33999633789062,62.05105972290039,750100
2019-04-26,64.33999633789062,65.33000183105469,64.33999633789062,65.0,62.687583923339844,827600
2019-04-29,65.0,65.83999633789062,64.91999816894531,65.5,63.169795989990234,820200
2019-04-30,65.75,65.86000061035156,64.77999877929688,65.73999786376953,63.40126037597656,1095600
2019-05-01,66.0,67.08999633789062,65.68000030517578,65.83999633789062,63.49769592285156,975000
2019-05-02,65.9800033569336,66.33999633789062,64.36000061035156,64.51000213623047,62.21501922607422,1289400
2019-05-03,64.30999755859375,64.5,62.58000183105469,63.0099983215332,60.76837921142578,1679300
2019-05-06,61.79999923706055,62.65999984741211,60.83000183105469,62.47999954223633,60.257232666015625,1660300
2019-05-07,61.849998474121094,62.0099983215332,60.34000015258789,60.869998931884766,58.704505920410156,1493100
2019-05-08,60.5,60.79999923706055,60.06999969482422,60.29999923706055,58.15478515625,946300
2019-05-09,59.52000045776367,59.900001525878906,58.380001068115234,59.439998626708984,57.32537841796875,2632500
2019-05-10,59.04999923706055,59.5,58.08000183105469,59.029998779296875,56.92996597290039,2008800
2019-05-13,57.61000061035156,57.9900016784668,55.970001220703125,55.97999954223633,53.98847198486328,2959200
2019-05-14,56.06999969482422,57.599998474121094,56.02000045776367,57.0,54.97218704223633,1726500
2019-05-15,56.7599983215332,57.689998626708984,56.61000061035156,57.38999938964844,55.34831237792969,1745800
2019-05-16,57.5,57.97999954223633,57.189998626708984,57.65999984741211,55.608707427978516,2001700
2019-05-17,56.900001525878906,58.209999084472656,56.2599983215332,56.33000183105469,54.32602310180664,2023700
2019-05-20,55.45000076293945,55.75,54.43000030517578,54.65999984741211,52.71543502807617,3642900
2019-05-21,55.16999816894531,55.45000076293945,54.790000915527344,55.2400016784668,53.27479934692383,4331700
2019-05-22,54.88999938964844,55.40999984741211,54.29999923706055,54.29999923706055,52.36824035644531,3167500
2019-05-23,53.68000030517578,53.70000076293945,51.7599983215332,51.97999954223633,50.13077926635742,3580400
2019-05-24,53.11000061035156,54.59000015258789,52.2599983215332,53.08000183105469,51.191646575927734,8039300
2019-05-28,53.0,53.09000015258789,50.959999084472656,51.40999984741211,49.581050872802734,4852800
2019-05-29,51.130001068115234,51.130001068115234,49.369998931884766,49.70000076293945,47.93189239501953,5752700
2019-05-30,49.869998931884766,50.310001373291016,49.22999954223633,49.380001068115234,47.62327194213867,3615600
2019-05-31,48.54999923706055,48.560001373291016,47.34000015258789,47.540000915527344,45.848731994628906,4030300
2019-06-03,47.470001220703125,47.86000061035156,46.459999084472656,46.63999938964844,44.98074722290039,3319400
2019-06-04,47.2400016784668,48.400001525878906,46.70000076293945,48.369998931884766,46.86019515991211,3984800
2019-06-05,48.75,49.099998474121094,47.619998931884766,47.84000015258789,46.34674072265625,2232900
2019-06-06,48.08000183105469,48.47999954223633,47.689998626708984,48.349998474121094,46.8408203125,1984300
2019-06-07,48.540000915527344,49.720001220703125,48.41999816894531,49.18000030517578,47.64491653442383,4644700
2019-06-10,49.54999923706055,50.630001068115234,49.54999923706055,50.27000045776367,48.70089340209961,2835700
2019-06-11,50.720001220703125,51.040000915527344,50.20000076293945,50.72999954223633,49.14653396606445,2709300
2019-06-12,50.400001525878906,50.810001373291016,49.900001525878906,50.18000030517578,48.61370086669922,1763500
2019-06-13,50.630001068115234,51.779998779296875,50.630001068115234,51.439998626708984,49.834373474121094,3034300
2019-06-14,51.04999923706055,52.16999816894531,50.90999984741211,51.720001220703125,50.10563659667969,3588600
2019-06-17,51.7400016784668,52.470001220703125,51.7400016784668,51.900001525878906,50.28001403808594,3631800
2019-06-18,52.40999984741211,54.34000015258789,52.189998626708984,53.290000915527344,51.62662887573242,4107600
2019-06-19,53.470001220703125,53.849998474121094,52.61000061035156,53.11000061035156,51.452247619628906,4618900
2019-06-20,54.060001373291016,54.86000061035156,53.61000061035156,54.40999984741211,52.711669921875,3892100
2019-06-21,54.150001525878906,54.650001525878906,53.75,54.439998626708984,52.74073028564453,4744400
2019-06-24,54.380001068115234,54.650001525878906,53.77000045776367,53.939998626708984,52.2563362121582,2866400
2019-06-25,54.04999923706055,54.349998474121094,53.7400016784668,54.0099983215332,52.324153900146484,2440900
2019-06-26,54.220001220703125,54.650001525878906,53.22999954223633,53.619998931884766,51.946327209472656,2924400
2019-06-27,53.7400016784668,54.290000915527344,53.68000030517578,53.79999923706055,52.12070846557617,2222200
2019-06-28,54.060001373291016,55.150001525878906,54.060001373291016,55.150001525878906,53.42857360839844,2873500
2019-07-01,56.0099983215332,56.4900016784668,54.97999954223633,55.939998626708984,54.19390869140625,2976400
2019-07-02,55.95000076293945,55.970001220703125,55.16999816894531,55.970001220703125,54.22297668457031,1956600
2019-07-03,56.04999923706055,56.189998626708984,55.43000030517578,55.70000076293945,53.96140670776367,1631300
2019-07-05,55.45000076293945,56.47999954223633,55.040000915527344,56.459999084472656,54.69768142700195,2046200
2019-07-08,55.869998931884766,56.61000061035156,54.84000015258789,54.97999954223633,53.263877868652344,3448900
2019-07-09,54.61000061035156,55.54999923706055,54.380001068115234,55.54999923706055,53.81608200073242,2262200
2019-07-10,55.779998779296875,56.22999954223633,55.09000015258789,55.25,53.525447845458984,2705400
2019-07-11,55.7599983215332,56.189998626708984,55.09000015258789,55.47999954223633,53.748268127441406,2170300
2019-07-12,55.709999084472656,57.0,55.560001373291016,56.810001373291016,55.03675842285156,1886000
2019-07-15,56.83000183105469,57.060001373291016,56.099998474121094,56.970001220703125,55.1917610168457,4828700
2019-07-16,57.06999969482422,57.22999954223633,56.5,56.880001068115234,55.10457229614258,1843600
2019-07-17,56.93000030517578,57.06999969482422,55.9900016784668,56.02000045776367,54.27141189575195,1521500
2019-07-18,55.68000030517578,56.779998779296875,55.58000183105469,56.630001068115234,54.86237335205078,1363300
2019-07-19,56.810001373291016,57.09000015258789,55.90999984741211,55.93000030517578,54.184226989746094,2341700
2019-07-22,56.369998931884766,57.0099983215332,56.189998626708984,56.290000915527344,54.532989501953125,1298100
2019-07-23,56.619998931884766,56.86000061035156,56.2599983215332,56.720001220703125,54.94956588745117,1558700
2019-07-24,56.70000076293945,57.09000015258789,56.41999816894531,56.5,54.73643112182617,1973300
2019-07-25,56.65999984741211,57.060001373291016,56.25,56.4900016784668,54.72674560546875,1865900
2019-07-26,56.66999816894531,56.970001220703125,56.310001373291016,56.63999938964844,54.87206268310547,1465400
2019-07-29,56.63999938964844,56.81999969482422,56.029998779296875,56.439998626708984,54.678306579589844,1031200
2019-07-30,55.79999923706055,56.709999084472656,55.290000915527344,56.709999084472656,54.939876556396484,1417800
2019-07-31,56.79999923706055,56.91999816894531,55.0,55.77000045776367,54.029212951660156,1735200
2019-08-01,55.54999923706055,56.65999984741211,54.720001220703125,55.130001068115234,53.40919494628906,1680400
2019-08-02,54.849998474121094,54.88999938964844,52.56999969482422,53.290000915527344,51.62662887573242,2280000
2019-08-05,52.0,52.06999969482422,50.40999984741211,50.86000061035156,49.27247619628906,2939500
2019-08-06,51.040000915527344,51.09000015258789,49.22999954223633,49.650001525878906,48.100242614746094,4044700
2019-08-07,48.869998931884766,50.02000045776367,48.560001373291016,49.88999938964844,48.3327522277832,3778000
2019-08-08,50.130001068115234,52.029998779296875,49.88999938964844,51.650001525878906,50.037818908691406,4006400
2019-08-09,38.79999923706055,39.880001068115234,34.61000061035156,35.90999984741211,34.789119720458984,20822600
2019-08-12,35.56999969482422,35.58000183105469,33.65999984741211,33.91999816894531,32.861228942871094,11344300
2019-08-13,34.04999923706055,35.25,33.540000915527344,34.09000015258789,33.02592849731445,9849900
2019-08-14,33.099998474121094,33.279998779296875,31.5,31.75,30.758968353271484,6020400
2019-08-15,31.920000076293945,31.920000076293945,30.110000610351562,30.610000610351562,29.654550552368164,6574900
2019-08-16,31.0,31.809999465942383,30.139999389648438,31.790000915527344,30.797719955444336,5264200
2019-08-19,32.63999938964844,33.81999969482422,32.63999938964844,33.59000015258789,32.541534423828125,7450800
2019-08-20,33.369998931884766,34.150001525878906,33.15999984741211,33.63999938964844,32.58997344970703,3519900
2019-08-21,34.310001373291016,34.68000030517578,34.02000045776367,34.5,33.42313003540039,3924500
2019-08-22,34.560001373291016,35.13999938964844,34.40999984741211,34.5,33.42313003540039,3076900
2019-08-23,34.08000183105469,34.72999954223633,33.45000076293945,33.59000015258789,32.541534423828125,3356800
2019-08-26,33.95000076293945,34.130001068115234,33.0099983215332,33.290000915527344,32.25090026855469,2628600
2019-08-27,33.5,33.68000030517578,31.510000228881836,31.760000228881836,30.768657684326172,5179000
2019-08-28,31.56999969482422,32.02000045776367,31.100000381469727,31.81999969482422,30.8267822265625,3579000
2019-08-29,32.25,33.04999923706055,32.150001525878906,32.959999084472656,31.931198120117188,2430900
2019-08-30,33.20000076293945,33.52000045776367,32.810001373291016,33.220001220703125,32.18308639526367,2443600
2019-09-03,32.650001525878906,32.709999084472656,31.329999923706055,31.540000915527344,30.749908447265625,3570500
2019-09-04,32.130001068115234,32.439998626708984,31.860000610351562,32.380001068115234,31.56886863708496,2716700
2019-09-05,32.79999923706055,34.25,32.79999923706055,34.040000915527344,33.18728256225586,6393600
2019-09-06,34.310001373291016,34.5,33.83000183105469,34.130001068115234,33.275028228759766,3552800
2019-09-09,34.40999984741211,35.52000045776367,34.27000045776367,34.959999084472656,34.08423614501953,5484500
2019-09-10,34.81999969482422,36.08000183105469,34.790000915527344,36.029998779296875,35.1274299621582,5634500
2019-09-11,36.16999816894531,36.52000045776367,34.83000183105469,36.4900016784668,35.57591247558594,2952000
2019-09-12,33.79999923706055,33.91999816894531,30.100000381469727,32.47999954223633,31.66636085510254,25067600
2019-09-13,33.119998931884766,34.099998474121094,32.52000045776367,32.70000076293945,31.880849838256836,6641200
2019-09-16,32.34000015258789,33.88999938964844,32.34000015258789,33.25,32.41707229614258,5967400
2019-09-17,32.95000076293945,32.97999954223633,31.8799991607666,32.34000015258789,31.52986717224121,3780000
2019-09-18,32.040000915527344,32.38999938964844,31.350000381469727,32.029998779296875,31.227632522583008,5787000
2019-09-19,32.25,32.93000030517578,32.0,32.220001220703125,31.41287612915039,4278200
2019-09-20,32.41999816894531,32.75,31.600000381469727,31.81999969482422,31.02289390563965,11871900
2019-09-23,31.549999237060547,32.130001068115234,31.469999313354492,32.040000915527344,31.237384796142578,7600600
2019-09-24,32.380001068115234,32.380001068115234,30.65999984741211,30.889999389648438,30.116191864013672,4638700
2019-09-25,30.899999618530273,31.219999313354492,30.209999084472656,30.940000534057617,30.164939880371094,2748100
2019-09-26,30.1299991607666,30.139999389648438,29.170000076293945,29.610000610351562,28.868255615234375,5194400
2019-09-27,29.899999618530273,30.5,29.56999969482422,29.780000686645508,29.033998489379883,2484000
2019-09-30,29.829999923706055,30.010000228881836,29.239999771118164,29.5,28.761011123657227,4673600
2019-10-01,29.68000030517578,29.739999771118164,28.049999237060547,28.079999923706055,27.376583099365234,6617000
2019-10-02,27.75,28.1200008392334,27.079999923706055,27.09000015258789,26.4113826751709,4615200
2019-10-03,27.100000381469727,27.360000610351562,26.530000686645508,27.239999771118164,26.55762481689453,4726300
2019-10-04,27.290000915527344,27.540000915527344,26.81999969482422,27.270000457763672,26.58687400817871,6875900
2019-10-07,27.190000534057617,27.920000076293945,26.950000762939453,26.950000762939453,26.274890899658203,7659200
2019-10-08,26.440000534057617,26.719999313354492,26.020000457763672,26.329999923706055,25.670421600341797,4683700
2019-10-09,26.729999542236328,26.81999969482422,26.299999237060547,26.389999389648438,25.728918075561523,3058000
2019-10-10,26.559999465942383,27.059999465942383,26.399999618530273,26.59000015258789,25.923908233642578,2848300
2019-10-11,27.139999389648438,28.6299991607666,27.020000457763672,28.030000686645508,27.327835083007812,4549500
2019-10-14,27.860000610351562,28.200000762939453,27.25,28.100000381469727,27.396081924438477,5540100
2019-10-15,28.190000534057617,29.149999618530273,28.06999969482422,29.0,28.273536682128906,3327400
2019-10-16,29.030000686645508,29.079999923706055,27.850000381469727,27.8700008392334,27.171844482421875,4640300
2019-10-17,27.979999542236328,28.350000381469727,27.31999969482422,27.899999618530273,27.201091766357422,5854600
2019-10-18,27.8799991607666,27.989999771118164,26.440000534057617,26.440000534057617,25.777666091918945,5914300
2019-10-21,26.920000076293945,27.8799991607666,26.829999923706055,27.510000228881836,26.82086181640625,4342500
2019-10-22,27.5,27.8700008392334,27.049999237060547,27.729999542236328,27.035350799560547,1982400
2019-10-23,27.59000015258789,28.100000381469727,27.079999923706055,27.979999542236328,27.27908706665039,2384500
2019-10-24,28.09000015258789,28.360000610351562,27.18000030517578,27.40999984741211,26.723365783691406,2907000
2019-10-25,27.360000610351562,28.34000015258789,27.34000015258789,28.309999465942383,27.600820541381836,2336700
2019-10-28,28.399999618530273,28.780000686645508,28.0,28.09000015258789,27.38633155822754,1985200
2019-10-29,27.920000076293945,28.100000381469727,27.559999465942383,27.860000610351562,27.162094116210938,1885800
2019-10-30,27.959999084472656,27.989999771118164,27.049999237060547,27.690000534057617,26.996353149414062,2261900
2019-10-31,27.739999771118164,27.739999771118164,26.979999542236328,27.670000076293945,26.976852416992188,1919600
2019-11-01,27.75,28.540000915527344,27.68000030517578,28.3700008392334,27.659318923950195,2740000
2019-11-04,28.969999313354492,29.780000686645508,28.479999542236328,29.559999465942383,28.819507598876953,3713200
2019-11-05,29.790000915527344,30.3700008392334,29.469999313354492,29.639999389648438,28.897502899169922,7345600
2019-11-06,29.479999542236328,29.889999389648438,28.850000381469727,29.059999465942383,28.332033157348633,3828800
2019-11-07,29.520000457763672,30.200000762939453,29.399999618530273,29.540000915527344,28.800010681152344,3181900
2019-11-08,29.420000076293945,30.1299991607666,29.020000457763672,30.079999923706055,29.326480865478516,5845700
2019-11-11,29.780000686645508,30.170000076293945,29.170000076293945,29.399999618530273,28.663516998291016,6440700
2019-11-12,31.469999313354492,35.31999969482422,30.8700008392334,35.25,34.366973876953125,18343700
2019-11-13,34.900001525878906,35.75,34.0,34.599998474121094,33.73324966430664,10110500
2019-11-14,34.70000076293945,35.88999938964844,34.439998626708984,35.83000183105469,34.93244171142578,6528300
2019-11-15,36.2400016784668,37.5,36.11000061035156,37.22999954223633,36.297367095947266,6646100
2019-11-18,37.099998474121094,37.279998779296875,36.459999084472656,37.04999923706055,36.12187957763672,4757500
2019-11-19,37.349998474121094,37.36000061035156,36.599998474121094,36.97999954223633,36.05363464355469,3112900
2019-11-20,36.45000076293945,36.5099983215332,35.29999923706055,35.88999938964844,34.990936279296875,5027200
2019-11-21,35.97999954223633,36.02000045776367,35.29999923706055,35.61000061035156,34.717952728271484,3139400
2019-11-22,35.77000045776367,35.97999954223633,35.36000061035156,35.84000015258789,34.94219207763672,1969600
2019-11-25,35.869998931884766,36.97999954223633,35.5099983215332,36.959999084472656,36.03413391113281,3717400
2019-11-26,36.689998626708984,36.70000076293945,36.040000915527344,36.599998474121094,35.68315124511719,8821400
2019-11-27,36.779998779296875,37.66999816894531,36.68000030517578,36.939998626708984,36.0146369934082,2603600
2019-11-29,36.790000915527344,37.93000030517578,36.709999084472656,37.33000183105469,36.39487075805664,1305800
2019-12-02,37.349998474121094,37.70000076293945,36.2599983215332,36.27000045776367,35.36142349243164,2748700
2019-12-03,35.060001373291016,36.970001220703125,34.720001220703125,36.900001525878906,36.185150146484375,5008700
2019-12-04,37.08000183105469,37.56999969482422,36.349998474121094,36.369998931884766,35.66541290283203,3008500
2019-12-05,36.36000061035156,36.66999816894531,36.09000015258789,36.29999923706055,35.596771240234375,4793800
2019-12-06,36.63999938964844,37.689998626708984,36.630001068115234,37.36000061035156,36.63623809814453,5461600
2019-12-09,37.36000061035156,37.619998931884766,36.25,36.36000061035156,35.655609130859375,6006300
2019-12-10,36.189998626708984,36.689998626708984,35.79999923706055,35.86000061035156,35.1652946472168,3563800
2019-12-11,35.95000076293945,36.279998779296875,35.5,36.06999969482422,35.3712272644043,3292000
2019-12-12,35.959999084472656,37.59000015258789,35.65999984741211,37.400001525878906,36.67546081542969,3963600
2019-12-13,37.560001373291016,37.81999969482422,36.7599983215332,37.52000045776367,36.79313659667969,3044700
2019-12-16,37.86000061035156,38.189998626708984,36.97999954223633,37.02000045776367,36.30282211303711,6364000
2019-12-17,36.93000030517578,37.040000915527344,36.18000030517578,36.91999816894531,36.20475769042969,2864200
2019-12-18,37.029998779296875,37.900001525878906,36.939998626708984,37.63999938964844,36.91081237792969,3531500
2019-12-19,37.5099983215332,37.900001525878906,37.2599983215332,37.7599983215332,37.02848434448242,2334200
2019-12-20,38.150001525878906,38.15999984741211,37.209999084472656,37.58000183105469,36.85197448730469,5277400
2019-12-23,37.61000061035156,37.709999084472656,37.209999084472656,37.52000045776367,36.79313659667969,2338800
2019-12-24,37.65999984741211,37.939998626708984,37.310001373291016,37.40999984741211,36.68526840209961,812000
2019-12-26,37.4900016784668,37.72999954223633,37.099998474121094,37.20000076293945,36.47933578491211,1244300
2019-12-27,37.31999969482422,37.380001068115234,36.52000045776367,36.650001525878906,35.93999099731445,2189100
2019-12-30,36.70000076293945,37.02000045776367,36.400001525878906,36.58000183105469,35.8713493347168,3231500
2019-12-31,36.380001068115234,37.7400016784668,36.349998474121094,37.59000015258789,36.86178207397461,2351400
2020-01-02,38.029998779296875,38.369998931884766,36.279998779296875,36.7599983215332,36.04785919189453,2930700
2020-01-03,36.11000061035156,36.2599983215332,35.220001220703125,35.22999954223633,34.54750061035156,4045800
2020-01-06,34.810001373291016,35.5,34.630001068115234,35.33000183105469,34.645565032958984,4211300
2020-01-07,35.349998474121094,36.25,35.220001220703125,35.849998474121094,35.155487060546875,3027200
2020-01-08,35.880001068115234,36.63999938964844,35.61000061035156,36.459999084472656,35.75366973876953,3219700
2020-01-09,35.56999969482422,36.5099983215332,35.56999969482422,36.220001220703125,35.5183219909668,3130900
2020-01-10,36.400001525878906,36.470001220703125,35.56999969482422,35.7400016784668,35.04762268066406,2707600
2020-01-13,35.709999084472656,35.9900016784668,35.11000061035156,35.54999923706055,34.86130142211914,3813700
2020-01-14,35.4900016784668,35.91999816894531,34.95000076293945,35.0099983215332,34.33176040649414,3577900
2020-01-15,34.77000045776367,35.40999984741211,34.47999954223633,34.63999938964844,33.968929290771484,2327500
2020-01-16,34.83000183105469,35.619998931884766,34.7400016784668,35.34000015258789,34.65536880493164,1911300
2020-01-17,35.43000030517578,35.689998626708984,34.81999969482422,35.599998474121094,34.91033172607422,2310900
2020-01-21,35.45000076293945,36.970001220703125,34.849998474121094,34.97999954223633,34.30234146118164,7697400
2020-01-22,35.099998474121094,35.72999954223633,34.84000015258789,35.33000183105469,34.645565032958984,6527600
2020-01-23,35.439998626708984,35.709999084472656,34.59000015258789,35.560001373291016,34.87110900878906,1890600
2020-01-24,35.619998931884766,35.81999969482422,34.20000076293945,34.47999954223633,33.81202697753906,1792500
2020-01-27,33.2400016784668,33.880001068115234,33.209999084472656,33.540000915527344,32.89023971557617,1803300
2020-01-28,33.84000015258789,34.099998474121094,33.380001068115234,33.97999954223633,33.32171630859375,1823800
2020-01-29,34.18000030517578,34.25,33.06999969482422,33.099998474121094,32.458763122558594,2261200
2020-01-30,32.58000183105469,33.029998779296875,31.549999237060547,32.47999954223633,31.85077476501465,4353400
2020-01-31,32.290000915527344,32.709999084472656,31.3799991607666,31.8799991607666,31.26239776611328,2946100
2020-02-03,31.979999542236328,32.7599983215332,31.889999389648438,32.16999816894531,31.546777725219727,2690500
2020-02-04,32.91999816894531,33.09000015258789,32.25,33.060001373291016,32.41954040527344,2809400
2020-02-05,33.63999938964844,34.95000076293945,33.400001525878906,34.5,33.831642150878906,2558100
2020-02-06,34.7400016784668,34.810001373291016,34.310001373291016,34.630001068115234,33.95912551879883,5571100
2020-02-07,35.5,35.75,32.470001220703125,32.70000076293945,32.06651306152344,6948700
2020-02-10,32.4900016784668,32.59000015258789,31.40999984741211,31.600000381469727,30.987823486328125,4642800
2020-02-11,31.760000228881836,32.439998626708984,31.459999084472656,31.889999389648438,31.27220344543457,4034200
2020-02-12,32.25,32.310001373291016,31.479999542236328,31.799999237060547,31.18394660949707,3995000
2020-02-13,31.420000076293945,31.540000915527344,30.559999465942383,30.639999389648438,30.046419143676758,6754600
2020-02-14,30.649999618530273,31.0,30.0,30.81999969482422,30.222932815551758,10764200
2020-02-18,30.68000030517578,30.950000762939453,29.6200008392334,29.780000686645508,29.203081130981445,3393400
2020-02-19,29.809999465942383,30.079999923706055,29.579999923706055,29.799999237060547,29.222692489624023,2909000
2020-02-20,29.579999923706055,30.530000686645508,29.350000381469727,30.399999618530273,29.81106948852539,2845400
2020-02-21,30.030000686645508,30.079999923706055,29.0,29.25,28.683347702026367,4068100
2020-02-24,27.969999313354492,28.299999237060547,27.709999084472656,28.149999618530273,27.604658126831055,2677100
2020-02-25,28.260000228881836,28.489999771118164,26.110000610351562,26.18000030517578,25.672822952270508,4432800
2020-02-26,26.530000686645508,26.729999542236328,25.25,25.299999237060547,24.80986976623535,4939200
2020-02-27,24.489999771118164,25.110000610351562,23.520000457763672,23.920000076293945,23.456605911254883,6267700
2020-02-28,23.049999237060547,24.260000228881836,22.889999389648438,24.110000610351562,23.642925262451172,7286700
2020-03-02,24.3700008392334,24.399999618530273,22.420000076293945,23.729999542236328,23.27028465270996,5228000
2020-03-03,23.670000076293945,24.43000030517578,21.829999923706055,22.219999313354492,21.78953742980957,4250100
2020-03-04,22.520000457763672,22.920000076293945,21.93000030517578,22.329999923706055,21.89740753173828,5353900
2020-03-05,21.290000915527344,21.5,19.799999237060547,19.950000762939453,19.563514709472656,4653100
2020-03-06,18.920000076293945,20.09000015258789,18.709999084472656,19.030000686645508,18.661338806152344,8284000
2020-03-09,17.360000610351562,18.149999618530273,15.600000381469727,15.640000343322754,15.337011337280273,4734900
2020-03-10,16.81999969482422,17.040000915527344,15.109999656677246,16.43000030517578,16.11170768737793,8148400
2020-03-11,17.780000686645508,18.010000228881836,16.079999923706055,16.43000030517578,16.11170768737793,14841400
2020-03-12,15.149999618530273,15.329999923706055,13.420000076293945,13.430000305175781,13.169824600219727,7277800
2020-03-13,14.789999961853027,15.210000038146973,12.970000267028809,15.140000343322754,14.846697807312012,7363600
2020-03-16,12.640000343322754,13.300000190734863,10.789999961853027,10.850000381469727,10.639806747436523,7763600
2020-03-17,11.350000381469727,11.390000343322754,9.800000190734863,10.0,9.806272506713867,7715400
2020-03-18,9.289999961853027,9.739999771118164,7.900000095367432,9.3100004196167,9.129640579223633,9134700
2020-03-19,9.0,13.300000190734863,8.829999923706055,12.470000267028809,12.228423118591309,7689800
2020-03-20,12.949999809265137,13.960000038146973,11.539999961853027,11.670000076293945,11.443921089172363,9472300
2020-03-23,11.470000267028809,11.479999542236328,10.270000457763672,10.84000015258789,10.630000114440918,6339300
2020-03-24,11.6899995803833,15.680000305175781,11.6899995803833,14.989999771118164,14.989999771118164,8137400
2020-03-25,15.0,16.700000762939453,14.380000114440918,14.5,14.5,8540200
2020-03-26,15.75,16.469999313354492,14.75,15.3100004196167,15.3100004196167,10862000
2020-03-27,14.229999542236328,14.819999694824219,13.5,14.239999771118164,14.239999771118164,5393800
2020-03-30,14.0,14.859999656677246,13.25,14.4399995803833,14.4399995803833,6187900
2020-03-31,14.5600004196167,14.75,12.779999732971191,13.050000190734863,13.050000190734863,7220000
2020-04-01,12.039999961853027,12.180000305175781,11.5,11.960000038146973,11.960000038146973,5224300
2020-04-02,11.6899995803833,13.09000015258789,11.600000381469727,12.489999771118164,12.489999771118164,6126500
2020-04-03,12.430000305175781,12.649999618530273,11.350000381469727,11.670000076293945,11.670000076293945,3488700
2020-04-06,12.829999923706055,13.869999885559082,12.640000343322754,13.520000457763672,13.520000457763672,7730200
2020-04-07,14.850000381469727,15.699999809265137,13.729999542236328,13.90999984741211,13.90999984741211,7388100
2020-04-08,14.300000190734863,15.84000015258789,14.149999618530273,15.800000190734863,15.800000190734863,4952300
2020-04-09,16.75,17.719999313354492,15.800000190734863,16.09000015258789,16.09000015258789,5737800
2020-04-13,16.100000381469727,16.239999771118164,15.220000267028809,15.59000015258789,15.59000015258789,3984800
2020-04-14,15.850000381469727,16.139999389648438,15.180000305175781,15.380000114440918,15.380000114440918,4959500
2020-04-15,14.34000015258789,14.869999885559082,13.609999656677246,14.359999656677246,14.359999656677246,5991700
2020-04-16,14.510000228881836,14.5600004196167,13.210000038146973,13.569999694824219,13.569999694824219,4030300
2020-04-17,14.069999694824219,15.369999885559082,14.069999694824219,15.329999923706055,15.329999923706055,4202200
2020-04-20,14.800000190734863,15.460000038146973,14.520000457763672,15.069999694824219,15.069999694824219,3879100
2020-04-21,14.449999809265137,14.84000015258789,14.010000228881836,14.40999984741211,14.40999984741211,2952300
2020-04-22,14.920000076293945,14.970000267028809,14.420000076293945,14.710000038146973,14.710000038146973,3308800
2020-04-23,15.0,15.869999885559082,14.9399995803833,15.34000015258789,15.34000015258789,4837100
2020-04-24,15.430000305175781,16.239999771118164,15.430000305175781,15.920000076293945,15.920000076293945,6691500
2020-04-27,15.890000343322754,16.969999313354492,15.800000190734863,16.8700008392334,16.8700008392334,3826000
2020-04-28,17.75,18.510000228881836,17.469999313354492,17.979999542236328,17.979999542236328,5448600
2020-04-29,19.040000915527344,19.329999923706055,18.360000610351562,18.81999969482422,18.81999969482422,4961400
2020-04-30,18.200000762939453,18.559999465942383,17.59000015258789,18.1299991607666,18.1299991607666,3124800
2020-05-01,17.18000030517578,17.40999984741211,16.309999465942383,16.790000915527344,16.790000915527344,2313600
2020-05-04,16.5,16.829999923706055,15.880000114440918,16.59000015258789,16.59000015258789,1995600
2020-05-05,17.440000534057617,17.68000030517578,16.479999542236328,16.530000686645508,16.530000686645508,2342200
2020-05-06,16.739999771118164,17.049999237060547,16.09000015258789,16.209999084472656,16.209999084472656,2941500
2020-05-07,16.739999771118164,17.700000762939453,16.690000534057617,17.329999923706055,17.329999923706055,6119000
2020-05-08,17.739999771118164,17.90999984741211,17.190000534057617,17.649999618530273,17.649999618530273,2238900
2020-05-11,17.079999923706055,17.239999771118164,16.350000381469727,16.700000762939453,16.700000762939453,2833100
2020-05-12,16.829999923706055,17.110000610351562,15.8100004196167,15.819999694824219,15.819999694824219,2650200
2020-05-13,15.390000343322754,15.420000076293945,14.390000343322754,14.65999984741211,14.65999984741211,4283600
2020-05-14,14.210000038146973,15.220000267028809,13.649999618530273,15.149999618530273,15.149999618530273,3024800
2020-05-15,14.800000190734863,15.359999656677246,14.520000457763672,15.279999732971191,15.279999732971191,5436200
2020-05-18,16.639999389648438,17.170000076293945,16.510000228881836,16.729999542236328,16.729999542236328,4446900
2020-05-19,16.510000228881836,16.729999542236328,15.779999732971191,16.15999984741211,16.15999984741211,2477300
2020-05-20,16.510000228881836,17.229999542236328,16.479999542236328,16.979999542236328,16.979999542236328,4629700
2020-05-21,16.84000015258789,16.93000030517578,15.8100004196167,15.850000381469727,15.850000381469727,2842400
2020-05-22,15.949999809265137,15.979999542236328,15.0600004196167,15.479999542236328,15.479999542236328,5049200
2020-05-26,16.59000015258789,16.670000076293945,16.200000762939453,16.360000610351562,16.360000610351562,5131200
2020-05-27,17.229999542236328,17.729999542236328,16.309999465942383,17.68000030517578,17.68000030517578,5838000
2020-05-28,17.600000381469727,17.649999618530273,16.329999923706055,16.56999969482422,16.56999969482422,6427700
2020-05-29,14.949999809265137,15.350000381469727,14.0,14.210000038146973,14.210000038146973,29822000
2020-06-01,14.300000190734863,14.8100004196167,14.020000457763672,14.760000228881836,14.760000228881836,9541400
2020-06-02,15.0,16.280000686645508,14.970000267028809,16.15999984741211,16.15999984741211,9025700
2020-06-03,16.920000076293945,17.93000030517578,16.81999969482422,17.850000381469727,17.850000381469727,9362300
2020-06-04,17.649999618530273,18.149999618530273,17.1299991607666,17.600000381469727,17.600000381469727,5535700
2020-06-05,19.209999084472656,19.459999084472656,17.899999618530273,18.0,18.0,5945700
2020-06-08,19.200000762939453,19.68000030517578,18.649999618530273,19.559999465942383,19.559999465942383,4502300
2020-06-09,18.90999984741211,19.0,17.90999984741211,18.139999389648438,18.139999389648438,4474600
2020-06-10,18.020000457763672,18.18000030517578,16.93000030517578,16.940000534057617,16.940000534057617,5270400
2020-06-11,15.5,15.819999694824219,14.760000228881836,14.770000457763672,14.770000457763672,5245900
2020-06-12,15.859999656677246,16.399999618530273,15.289999961853027,16.270000457763672,16.270000457763672,4678600
2020-06-15,15.300000190734863,16.579999923706055,14.9399995803833,16.389999389648438,16.389999389648438,4044700
2020-06-16,17.34000015258789,17.489999771118164,15.869999885559082,16.219999313354492,16.219999313354492,5182900
2020-06-17,16.25,16.389999389648438,15.65999984741211,15.8100004196167,15.8100004196167,2919700
2020-06-18,15.5600004196167,16.079999923706055,15.220000267028809,15.65999984741211,15.65999984741211,3087900
2020-06-19,16.010000228881836,16.420000076293945,15.40999984741211,15.430000305175781,15.430000305175781,6047400
2020-06-22,15.3100004196167,15.59000015258789,14.859999656677246,15.489999771118164,15.489999771118164,3576900
2020-06-23,15.75,16.290000915527344,15.600000381469727,16.239999771118164,16.239999771118164,4659800
2020-06-24,15.640000343322754,15.789999961853027,14.9399995803833,15.039999961853027,15.039999961853027,3869800
2020-06-25,14.9399995803833,15.979999542236328,14.819999694824219,15.90999984741211,15.90999984741211,7065800
2020-06-26,15.739999771118164,15.789999961853027,15.109999656677246,15.479999542236328,15.479999542236328,5440600
2020-06-29,15.569999694824219,16.09000015258789,15.220000267028809,16.079999923706055,16.079999923706055,3557600
2020-06-30,15.989999771118164,16.59000015258789,15.869999885559082,16.5,16.5,3418400
2020-07-01,16.450000762939453,16.8700008392334,15.619999885559082,16.139999389648438,16.139999389648438,12751600
2020-07-02,16.68000030517578,17.059999465942383,16.100000381469727,16.149999618530273,16.149999618530273,3522300
2020-07-06,16.510000228881836,16.579999923706055,15.079999923706055,15.289999961853027,15.289999961853027,6106600
2020-07-07,15.050000190734863,15.800000190734863,14.949999809265137,15.279999732971191,15.279999732971191,5368800
2020-07-08,15.319999694824219,15.539999961853027,15.0,15.460000038146973,15.460000038146973,2846600
2020-07-09,15.350000381469727,15.369999885559082,14.729999542236328,15.15999984741211,15.15999984741211,2518500
2020-07-10,15.069999694824219,15.5600004196167,14.920000076293945,15.489999771118164,15.489999771118164,3200100
2020-07-13,15.670000076293945,16.010000228881836,15.4399995803833,15.510000228881836,15.510000228881836,3319200
2020-07-14,15.34000015258789,15.479999542236328,15.069999694824219,15.40999984741211,15.40999984741211,2681600
2020-07-15,15.739999771118164,16.489999771118164,15.729999542236328,16.420000076293945,16.420000076293945,3929700
2020-07-16,16.100000381469727,16.940000534057617,15.970000267028809,16.65999984741211,16.65999984741211,2932400
2020-07-17,16.719999313354492,16.959999084472656,16.540000915527344,16.809999465942383,16.809999465942383,2598900
2020-07-20,16.719999313354492,17.020000457763672,16.43000030517578,16.899999618530273,16.899999618530273,1925400
2020-07-21,17.18000030517578,17.610000610351562,17.040000915527344,17.100000381469727,17.100000381469727,2312300
2020-07-22,16.90999984741211,17.440000534057617,16.790000915527344,17.280000686645508,17.280000686645508,1569900
2020-07-23,17.18000030517578,17.790000915527344,17.15999984741211,17.530000686645508,17.530000686645508,2117900
2020-07-24,17.510000228881836,17.709999084472656,17.059999465942383,17.149999618530273,17.149999618530273,2027900
2020-07-27,17.09000015258789,17.200000762939453,16.709999084472656,17.1299991607666,17.1299991607666,2414900
2020-07-28,17.1200008392334,17.3799991607666,16.920000076293945,16.940000534057617,16.940000534057617,1633700
2020-07-29,17.0,17.889999389648438,16.920000076293945,17.799999237060547,17.799999237060547,2761900
2020-07-30,17.360000610351562,17.860000610351562,16.799999237060547,17.760000228881836,17.760000228881836,1817700
2020-07-31,17.6200008392334,17.989999771118164,17.350000381469727,17.90999984741211,17.90999984741211,2019300
2020-08-03,17.8799991607666,18.709999084472656,17.56999969482422,18.149999618530273,18.149999618530273,12474000
2020-08-04,18.229999542236328,18.5,18.040000915527344,18.239999771118164,18.239999771118164,2566000
2020-08-05,18.5,18.739999771118164,18.309999465942383,18.479999542236328,18.479999542236328,2090400
2020-08-06,18.190000534057617,18.860000610351562,18.030000686645508,18.690000534057617,18.690000534057617,2860300
2020-08-07,19.0,20.639999389648438,18.84000015258789,19.899999618530273,19.899999618530273,6480300
2020-08-10,19.860000610351562,20.479999542236328,19.860000610351562,20.260000228881836,20.260000228881836,3932100
2020-08-11,20.719999313354492,21.190000534057617,20.010000228881836,20.020000457763672,20.020000457763672,3623700
2020-08-12,20.079999923706055,20.200000762939453,19.559999465942383,19.600000381469727,19.600000381469727,3226800
2020-08-13,19.3799991607666,19.860000610351562,19.270000457763672,19.639999389648438,19.639999389648438,2189400
2020-08-14,19.469999313354492,20.719999313354492,19.389999389648438,20.40999984741211,20.40999984741211,2713200
2020-08-17,20.510000228881836,20.969999313354492,20.1200008392334,20.149999618530273,20.149999618530273,2522100
2020-08-18,20.15999984741211,20.15999984741211,19.280000686645508,19.3700008392334,19.3700008392334,2784800
2020-08-19,19.34000015258789,19.899999618530273,19.299999237060547,19.709999084472656,19.709999084472656,1984100
2020-08-20,19.420000076293945,19.639999389648438,19.1200008392334,19.1299991607666,19.1299991607666,1618200
2020-08-21,19.170000076293945,19.219999313354492,18.549999237060547,18.68000030517578,18.68000030517578,1506800
2020-08-24,18.760000228881836,19.059999465942383,18.290000915527344,18.940000534057617,18.940000534057617,2029500
2020-08-25,19.15999984741211,19.309999465942383,18.780000686645508,19.209999084472656,19.209999084472656,1581000
2020-08-26,19.479999542236328,19.639999389648438,19.020000457763672,19.459999084472656,19.459999084472656,1799300
2020-08-27,19.510000228881836,19.84000015258789,19.309999465942383,19.760000228881836,19.760000228881836,1864700
2020-08-28,19.959999084472656,20.59000015258789,19.790000915527344,20.559999465942383,20.559999465942383,2033500
2020-08-31,20.440000534057617,20.440000534057617,19.940000534057617,19.979999542236328,19.979999542236328,2684900
2020-09-01,19.75,20.059999465942383,19.579999923706055,20.040000915527344,20.040000915527344,1992500
2020-09-02,20.09000015258789,22.43000030517578,19.950000762939453,22.3700008392334,22.3700008392334,8137300
2020-09-03,22.600000381469727,22.700000762939453,21.15999984741211,21.350000381469727,21.350000381469727,4165200
2020-09-04,21.100000381469727,21.440000534057617,20.209999084472656,20.649999618530273,20.649999618530273,3655100
2020-09-08,20.200000762939453,20.639999389648438,19.920000076293945,19.959999084472656,19.959999084472656,2594800
2020-09-09,20.229999542236328,20.229999542236328,19.299999237060547,20.100000381469727,20.100000381469727,2219000
2020-09-10,20.510000228881836,20.559999465942383,19.420000076293945,19.579999923706055,19.579999923706055,2386600
2020-09-11,19.559999465942383,19.649999618530273,19.25,19.549999237060547,19.549999237060547,1892000
2020-09-14,19.81999969482422,20.260000228881836,19.700000762939453,20.190000534057617,20.190000534057617,2012000
2020-09-15,20.219999313354492,20.280000686645508,19.530000686645508,19.559999465942383,19.559999465942383,1718700
2020-09-16,19.850000381469727,19.90999984741211,19.350000381469727,19.40999984741211,19.40999984741211,3366400
2020-09-17,19.0,19.09000015258789,18.649999618530273,18.8700008392334,18.8700008392334,2730200
2020-09-18,18.68000030517578,18.700000762939453,18.059999465942383,18.459999084472656,18.459999084472656,7785000
2020-09-21,17.93000030517578,17.989999771118164,17.229999542236328,17.31999969482422,17.31999969482422,3128300
2020-09-22,17.40999984741211,17.540000915527344,16.579999923706055,17.1299991607666,17.1299991607666,3046700
2020-09-23,17.170000076293945,17.399999618530273,16.270000457763672,16.280000686645508,16.280000686645508,3448100
2020-09-24,16.0,16.3799991607666,15.640000343322754,16.18000030517578,16.18000030517578,3679800
2020-09-25,15.90999984741211,16.450000762939453,15.819999694824219,16.31999969482422,16.31999969482422,2376500
2020-09-28,16.81999969482422,17.34000015258789,16.600000381469727,17.09000015258789,17.09000015258789,2909200
2020-09-29,16.979999542236328,17.860000610351562,16.90999984741211,17.700000762939453,17.700000762939453,3667100
2020-09-30,17.790000915527344,18.3700008392334,17.739999771118164,17.850000381469727,17.850000381469727,3471200
2020-10-01,18.079999923706055,18.81999969482422,18.040000915527344,18.809999465942383,18.809999465942383,2817700
2020-10-02,18.040000915527344,18.600000381469727,17.850000381469727,18.360000610351562,18.360000610351562,2685400
2020-10-05,18.75,18.8799991607666,18.40999984741211,18.709999084472656,18.709999084472656,1326000
2020-10-06,18.920000076293945,19.200000762939453,17.809999465942383,17.889999389648438,17.889999389648438,1808700
2020-10-07,18.010000228881836,18.450000762939453,17.989999771118164,18.440000534057617,18.440000534057617,2029200
2020-10-08,18.770000457763672,20.18000030517578,18.610000610351562,19.989999771118164,19.989999771118164,3843700
2020-10-09,20.299999237060547,20.3700008392334,19.950000762939453,20.049999237060547,20.049999237060547,2255900
2020-10-12,20.06999969482422,20.200000762939453,19.809999465942383,20.18000030517578,20.18000030517578,1646400
2020-10-13,20.040000915527344,20.489999771118164,20.0,20.209999084472656,20.209999084472656,2149700
2020-10-14,20.260000228881836,21.020000457763672,19.959999084472656,19.969999313354492,19.969999313354492,2312500
2020-10-15,19.600000381469727,20.209999084472656,19.440000534057617,20.18000030517578,20.18000030517578,1734400
2020-10-16,20.290000915527344,20.81999969482422,20.1299991607666,20.59000015258789,20.59000015258789,1684600
2020-10-19,20.59000015258789,20.770000457763672,19.790000915527344,19.889999389648438,19.889999389648438,1793300
2020-10-20,20.059999465942383,20.440000534057617,19.889999389648438,20.010000228881836,20.010000228881836,1492800
2020-10-21,19.989999771118164,20.149999618530273,19.649999618530273,19.84000015258789,19.84000015258789,1125400
2020-10-22,19.899999618530273,20.06999969482422,19.5,19.940000534057617,19.940000534057617,1170200
2020-10-23,20.100000381469727,20.149999618530273,19.510000228881836,19.84000015258789,19.84000015258789,1646400
2020-10-26,19.360000610351562,19.450000762939453,18.3799991607666,18.639999389648438,18.639999389648438,2279600
2020-10-27,18.65999984741211,18.889999389648438,17.809999465942383,17.850000381469727,17.850000381469727,1801600
2020-10-28,17.299999237060547,17.940000534057617,16.8799991607666,17.639999389648438,17.639999389648438,3335600
2020-10-29,17.5,18.450000762939453,17.360000610351562,18.25,18.25,2895000
2020-10-30,18.100000381469727,18.440000534057617,17.59000015258789,18.420000076293945,18.420000076293945,2875700
2020-11-02,18.649999618530273,19.219999313354492,18.3799991607666,18.959999084472656,18.959999084472656,2602200
2020-11-03,19.329999923706055,19.899999618530273,19.209999084472656,19.530000686645508,19.530000686645508,2001900
2020-11-04,19.670000076293945,19.860000610351562,18.959999084472656,19.06999969482422,19.06999969482422,1945200
2020-11-05,19.440000534057617,19.940000534057617,19.40999984741211,19.579999923706055,19.579999923706055,4101200
2020-11-06,20.239999771118164,20.399999618530273,18.030000686645508,18.110000610351562,18.110000610351562,4827900
2020-11-09,19.09000015258789,20.93000030517578,18.899999618530273,19.540000915527344,19.540000915527344,4786200
2020-11-10,19.649999618530273,21.170000076293945,19.549999237060547,21.059999465942383,21.059999465942383,4165900
2020-11-11,21.149999618530273,21.3700008392334,20.510000228881836,21.020000457763672,21.020000457763672,3470500
2020-11-12,20.690000534057617,20.84000015258789,20.059999465942383,20.280000686645508,20.280000686645508,3535100
2020-11-13,20.65999984741211,21.149999618530273,20.350000381469727,20.5,20.5,3170700
2020-11-16,21.40999984741211,22.209999084472656,20.780000686645508,21.5,21.5,3096500
2020-11-17,21.600000381469727,22.170000076293945,21.139999389648438,22.049999237060547,22.049999237060547,2419500
2020-11-18,22.049999237060547,23.239999771118164,21.959999084472656,22.280000686645508,22.280000686645508,3116500
2020-11-19,22.049999237060547,22.209999084472656,21.469999313354492,22.030000686645508,22.030000686645508,1592000
2020-11-20,21.989999771118164,22.270000457763672,21.399999618530273,21.459999084472656,21.459999084472656,2033800
2020-11-23,21.729999542236328,22.31999969482422,21.729999542236328,22.190000534057617,22.190000534057617,2326800
2020-11-24,22.719999313354492,23.780000686645508,22.6200008392334,23.670000076293945,23.670000076293945,1824400
2020-11-25,23.639999389648438,23.639999389648438,22.989999771118164,23.559999465942383,23.559999465942383,1877400
2020-11-27,23.559999465942383,23.770000457763672,23.15999984741211,23.280000686645508,23.280000686645508,702300
2020-11-30,23.0,23.040000915527344,21.81999969482422,21.90999984741211,21.90999984741211,2447300
2020-12-01,22.31999969482422,22.719999313354492,21.93000030517578,22.139999389648438,22.139999389648438,2371000
2020-12-02,21.799999237060547,22.459999084472656,21.6299991607666,22.34000015258789,22.34000015258789,1674500
2020-12-03,22.5,23.969999313354492,22.469999313354492,23.760000228881836,23.760000228881836,2946500
2020-12-04,23.899999618530273,25.469999313354492,23.799999237060547,24.950000762939453,24.950000762939453,3017500
2020-12-07,24.760000228881836,24.760000228881836,23.899999618530273,24.190000534057617,24.190000534057617,2864400
2020-12-08,24.18000030517578,24.420000076293945,24.010000228881836,24.239999771118164,24.239999771118164,2275300
2020-12-09,24.3700008392334,24.90999984741211,24.299999237060547,24.84000015258789,24.84000015258789,1880900
2020-12-10,24.34000015258789,25.15999984741211,24.329999923706055,24.850000381469727,24.850000381469727,1852500
2020-12-11,24.739999771118164,25.040000915527344,23.809999465942383,23.93000030517578,23.93000030517578,2467000
2020-12-14,24.270000457763672,24.3700008392334,23.209999084472656,23.239999771118164,23.239999771118164,1799600
2020-12-15,23.450000762939453,23.649999618530273,22.90999984741211,23.43000030517578,23.43000030517578,1790000
2020-12-16,23.43000030517578,23.459999084472656,22.8799991607666,23.059999465942383,23.059999465942383,1866800
2020-12-17,23.31999969482422,23.75,23.139999389648438,23.389999389648438,23.389999389648438,2017800
2020-12-18,23.3799991607666,23.690000534057617,22.90999984741211,23.100000381469727,23.100000381469727,3820100
2020-12-21,22.479999542236328,23.170000076293945,22.360000610351562,23.010000228881836,23.010000228881836,2176400
2020-12-22,23.010000228881836,23.09000015258789,22.649999618530273,22.690000534057617,22.690000534057617,1355800
2020-12-23,22.899999618530273,23.440000534057617,22.760000228881836,22.889999389648438,22.889999389648438,2516800
2020-12-24,23.079999923706055,23.200000762939453,22.739999771118164,22.899999618530273,22.899999618530273,580700
2020-12-28,23.209999084472656,24.540000915527344,23.079999923706055,24.059999465942383,24.059999465942383,2669200
2020-12-29,24.200000762939453,24.200000762939453,23.34000015258789,23.65999984741211,23.65999984741211,2841300
2020-12-30,23.729999542236328,24.81999969482422,23.6200008392334,24.34000015258789,24.34000015258789,4084500
2020-12-31,24.59000015258789,25.959999084472656,24.34000015258789,25.75,25.75,4405300
2021-01-04,26.950000762939453,28.139999389648438,25.559999465942383,25.920000076293945,25.920000076293945,7401500
2021-01-05,26.209999084472656,27.350000381469727,26.0,26.8799991607666,26.8799991607666,3705500
2021-01-06,25.8700008392334,27.43000030517578,25.8700008392334,26.450000762939453,26.450000762939453,4121400
2021-01-07,29.010000228881836,29.610000610351562,27.75,28.90999984741211,28.90999984741211,12353700
2021-01-08,29.200000762939453,30.139999389648438,28.920000076293945,29.600000381469727,29.600000381469727,7229400
2021-01-11,28.469999313354492,28.84000015258789,28.219999313354492,28.389999389648438,28.389999389648438,3503000
2021-01-12,28.200000762939453,28.649999618530273,27.899999618530273,28.299999237060547,28.299999237060547,2069700
2021-01-13,28.420000076293945,28.780000686645508,28.09000015258789,28.260000228881836,28.260000228881836,2715700
2021-01-14,28.459999084472656,29.100000381469727,28.290000915527344,28.969999313354492,28.969999313354492,1352500
2021-01-15,28.639999389648438,29.760000228881836,27.989999771118164,28.5,28.5,3412600
2021-01-19,28.5,28.670000076293945,28.030000686645508,28.209999084472656,28.209999084472656,2259300
2021-01-20,28.43000030517578,28.969999313354492,28.25,28.81999969482422,28.81999969482422,1474900
2021-01-21,28.950000762939453,29.940000534057617,28.709999084472656,29.299999237060547,29.299999237060547,2415900
2021-01-22,28.760000228881836,29.520000457763672,28.729999542236328,29.229999542236328,29.229999542236328,2523500
2021-01-25,29.219999313354492,29.389999389648438,28.59000015258789,29.149999618530273,29.149999618530273,2522800
2021-01-26,29.31999969482422,29.450000762939453,28.899999618530273,29.350000381469727,29.350000381469727,1641400
2021-01-27,28.6200008392334,29.209999084472656,28.200000762939453,28.469999313354492,28.469999313354492,2840900
2021-01-28,28.93000030517578,29.690000534057617,28.15999984741211,29.239999771118164,29.239999771118164,3145900
2021-01-29,28.65999984741211,29.110000610351562,28.15999984741211,28.200000762939453,28.200000762939453,2298200
2021-02-01,28.5,29.309999465942383,24.170000076293945,25.5,25.5,13660000
2021-02-02,26.440000534057617,26.440000534057617,25.100000381469727,25.65999984741211,25.65999984741211,7067100
2021-02-03,25.68000030517578,26.09000015258789,25.260000228881836,25.6200008392334,25.6200008392334,3607200
2021-02-04,25.639999389648438,26.5,25.399999618530273,26.440000534057617,26.440000534057617,3577800
2021-02-05,26.440000534057617,26.649999618530273,25.579999923706055,25.940000534057617,25.940000534057617,4760900
2021-02-08,26.229999542236328,26.399999618530273,24.860000610351562,25.479999542236328,25.479999542236328,4159400
2021-02-09,25.440000534057617,26.700000762939453,25.209999084472656,26.420000076293945,26.420000076293945,3110800
2021-02-10,26.510000228881836,26.56999969482422,25.59000015258789,25.709999084472656,25.709999084472656,2204700
2021-02-11,25.65999984741211,26.149999618530273,25.389999389648438,25.6299991607666,25.6299991607666,1626800
2021-02-12,26.190000534057617,26.309999465942383,25.510000228881836,25.790000915527344,25.790000915527344,2609200
2021-02-16,25.649999618530273,26.0,25.40999984741211,25.889999389648438,25.889999389648438,3293600
2021-02-17,25.709999084472656,26.030000686645508,25.34000015258789,26.0,26.0,2295200
2021-02-18,25.809999465942383,26.139999389648438,25.489999771118164,25.489999771118164,25.489999771118164,1776400
2021-02-19,25.860000610351562,26.260000228881836,25.729999542236328,25.809999465942383,25.809999465942383,2621300
2021-02-22,25.5,26.469999313354492,25.5,25.989999771118164,25.989999771118164,2330700
2021-02-23,25.799999237060547,25.860000610351562,25.059999465942383,25.600000381469727,25.600000381469727,2932200
2021-02-24,25.700000762939453,26.34000015258789,25.579999923706055,26.020000457763672,26.020000457763672,2319400
2021-02-25,26.040000915527344,26.200000762939453,24.829999923706055,24.889999389648438,24.889999389648438,2344300
2021-02-26,24.790000915527344,25.6200008392334,24.200000762939453,25.219999313354492,25.219999313354492,2661500
2021-03-01,25.770000457763672,26.299999237060547,25.670000076293945,25.959999084472656,25.959999084472656,2503900
2021-03-02,25.75,26.100000381469727,25.65999984741211,25.709999084472656,25.709999084472656,1445300
2021-03-03,25.850000381469727,26.479999542236328,25.739999771118164,26.219999313354492,26.219999313354492,1754200
2021-03-04,26.290000915527344,26.899999618530273,25.299999237060547,25.860000610351562,25.860000610351562,2757100
2021-03-05,26.260000228881836,27.329999923706055,25.489999771118164,27.290000915527344,27.290000915527344,3971500
2021-03-08,27.549999237060547,28.68000030517578,27.469999313354492,28.020000457763672,28.020000457763672,4417400
2021-03-09,28.3700008392334,28.81999969482422,27.90999984741211,28.25,28.25,2907100
2021-03-10,28.260000228881836,29.09000015258789,28.1200008392334,29.0,29.0,2137800
2021-03-11,28.8799991607666,29.43000030517578,28.690000534057617,28.799999237060547,28.799999237060547,1973500
2021-03-12,28.729999542236328,29.489999771118164,28.729999542236328,29.020000457763672,29.020000457763672,1386700
2021-03-15,29.0,29.559999465942383,28.950000762939453,29.43000030517578,29.43000030517578,1154500
2021-03-16,29.3700008392334,29.3700008392334,28.030000686645508,28.290000915527344,28.290000915527344,1733800
2021-03-17,28.0,28.780000686645508,27.90999984741211,28.65999984741211,28.65999984741211,1725400
2021-03-18,28.56999969482422,29.360000610351562,28.010000228881836,28.15999984741211,28.15999984741211,2815700
2021-03-19,28.020000457763672,28.469999313354492,27.56999969482422,28.030000686645508,28.030000686645508,3100500
2021-03-22,28.100000381469727,28.100000381469727,27.510000228881836,27.719999313354492,27.719999313354492,1846400
2021-03-23,27.59000015258789,27.690000534057617,26.190000534057617,26.459999084472656,26.459999084472656,3038700
2021-03-24,26.729999542236328,27.3700008392334,26.34000015258789,26.350000381469727,26.350000381469727,1553200
2021-03-25,26.079999923706055,27.479999542236328,25.799999237060547,27.360000610351562,27.360000610351562,1876400
2021-03-26,27.639999389648438,28.450000762939453,27.510000228881836,28.389999389648438,28.389999389648438,2857900
2021-03-29,28.360000610351562,28.93000030517578,28.190000534057617,28.540000915527344,28.540000915527344,2218700
2021-03-30,29.799999237060547,31.25,29.5,31.139999389648438,31.139999389648438,4823200
2021-03-31,31.350000381469727,31.940000534057617,31.100000381469727,31.260000228881836,31.260000228881836,5132100
2021-04-01,31.389999389648438,31.469999313354492,30.610000610351562,30.829999923706055,30.829999923706055,2241300
2021-04-05,30.81999969482422,32.040000915527344,30.760000228881836,31.850000381469727,31.850000381469727,2333900
2021-04-06,31.530000686645508,31.8700008392334,31.15999984741211,31.25,31.25,1615400
2021-04-07,31.209999084472656,31.649999618530273,30.780000686645508,31.200000762939453,31.200000762939453,2455700
2021-04-08,31.229999542236328,31.489999771118164,30.559999465942383,31.459999084472656,31.459999084472656,1565700
2021-04-09,31.399999618530273,31.68000030517578,30.979999542236328,31.440000534057617,31.440000534057617,1559200
2021-04-12,31.59000015258789,32.290000915527344,31.3799991607666,32.290000915527344,32.290000915527344,2509300
2021-04-13,32.13999938964844,32.25,31.049999237060547,31.149999618530273,31.149999618530273,3060100
2021-04-14,31.100000381469727,32.38999938964844,31.100000381469727,31.780000686645508,31.780000686645508,2900400
2021-04-15,32.0099983215332,32.45000076293945,31.520000457763672,31.959999084472656,31.959999084472656,1622800
2021-04-16,32.119998931884766,32.2400016784668,31.440000534057617,31.649999618530273,31.649999618530273,1426500
2021-04-19,31.510000228881836,31.809999465942383,31.309999465942383,31.639999389648438,31.639999389648438,1716900
2021-04-20,31.700000762939453,31.760000228881836,30.65999984741211,31.040000915527344,31.040000915527344,1855800
2021-04-21,30.850000381469727,31.81999969482422,30.799999237060547,31.729999542236328,31.729999542236328,1535300
2021-04-22,31.760000228881836,31.950000762939453,31.110000610351562,31.290000915527344,31.290000915527344,1417700
2021-04-23,31.280000686645508,32.0,31.110000610351562,31.8700008392334,31.8700008392334,1403800
2021-04-26,32.09000015258789,32.349998474121094,31.59000015258789,31.649999618530273,31.649999618530273,1112800
2021-04-27,31.610000610351562,31.989999771118164,31.190000534057617,31.899999618530273,31.899999618530273,1162600
2021-04-28,32.11000061035156,32.2400016784668,31.709999084472656,31.8799991607666,31.8799991607666,1429300
2021-04-29,32.029998779296875,33.630001068115234,32.0,33.43000030517578,33.43000030517578,3154200
2021-04-30,33.06999969482422,33.279998779296875,32.66999816894531,32.90999984741211,32.90999984741211,1822000
2021-05-03,33.209999084472656,33.86000061035156,33.02000045776367,33.66999816894531,33.66999816894531,1690000
2021-05-04,33.529998779296875,33.779998779296875,32.540000915527344,32.70000076293945,32.70000076293945,2674100
2021-05-05,32.959999084472656,33.790000915527344,32.90999984741211,33.7400016784668,33.7400016784668,2384000
2021-05-06,33.81999969482422,33.849998474121094,32.869998931884766,33.79999923706055,33.79999923706055,1965800
2021-05-07,33.459999084472656,34.709999084472656,33.33000183105469,34.5,34.5,1859000
2021-05-10,34.439998626708984,35.29999923706055,34.29999923706055,34.52000045776367,34.52000045776367,1775800
2021-05-11,33.95000076293945,34.47999954223633,33.27000045776367,34.029998779296875,34.029998779296875,3087500
2021-05-12,33.810001373291016,34.369998931884766,33.310001373291016,33.84000015258789,33.84000015258789,4034700
2021-05-13,33.970001220703125,35.709999084472656,33.86000061035156,35.5099983215332,35.5099983215332,2596400
2021-05-14,36.0,36.959999084472656,35.70000076293945,36.86000061035156,36.86000061035156,2073200
2021-05-17,36.58000183105469,36.900001525878906,36.02000045776367,36.7599983215332,36.7599983215332,1879700
2021-05-18,36.70000076293945,37.119998931884766,36.439998626708984,36.7599983215332,36.7599983215332,1932000
2021-05-19,36.11000061035156,37.0,35.5,36.93000030517578,36.93000030517578,3416600
2021-05-20,36.97999954223633,37.16999816894531,36.0,36.83000183105469,36.83000183105469,2066600
2021-05-21,36.9900016784668,37.75,36.88999938964844,37.279998779296875,37.279998779296875,3043600
2021-05-24,37.52000045776367,37.650001525878906,36.709999084472656,37.33000183105469,37.33000183105469,2656300
2021-05-25,37.5,37.75,36.619998931884766,36.939998626708984,36.939998626708984,2259000
2021-05-26,37.0099983215332,37.459999084472656,36.45000076293945,36.91999816894531,36.91999816894531,3542700
2021-05-27,36.630001068115234,38.939998626708984,36.5,38.38999938964844,38.38999938964844,5113400
2021-05-28,38.7400016784668,38.7400016784668,37.400001525878906,37.91999816894531,37.91999816894531,1627100
2021-06-01,37.86000061035156,38.13999938964844,37.599998474121094,38.11000061035156,38.11000061035156,1715500
2021-06-02,38.900001525878906,40.380001068115234,38.36000061035156,39.7599983215332,39.7599983215332,4228500
2021-06-03,39.38999938964844,40.47999954223633,39.0099983215332,40.36000061035156,40.36000061035156,2179500
2021-06-04,40.400001525878906,40.47999954223633,39.2599983215332,39.88999938964844,39.88999938964844,1661400
2021-06-07,40.380001068115234,40.720001220703125,39.90999984741211,40.36000061035156,40.36000061035156,1815100
2021-06-08,40.02000045776367,40.619998931884766,39.849998474121094,40.33000183105469,40.33000183105469,2201600
2021-06-09,40.290000915527344,40.529998779296875,39.81999969482422,40.40999984741211,40.40999984741211,1771700
2021-06-10,41.0099983215332,41.61000061035156,40.75,41.27000045776367,41.27000045776367,2086700
2021-06-11,41.31999969482422,41.5,40.83000183105469,41.41999816894531,41.41999816894531,1794400
2021-06-14,41.41999816894531,41.75,40.83000183105469,41.040000915527344,41.040000915527344,3116600
2021-06-15,41.11000061035156,41.349998474121094,40.7599983215332,41.13999938964844,41.13999938964844,1947900
2021-06-16,40.9900016784668,41.29999923706055,40.65999984741211,40.970001220703125,40.970001220703125,2425100
2021-06-17,40.93000030517578,40.93000030517578,37.75,37.88999938964844,37.88999938964844,5121400
2021-06-18,37.119998931884766,37.58000183105469,36.150001525878906,36.27000045776367,36.27000045776367,6043800
2021-06-21,36.720001220703125,38.0,36.70000076293945,37.630001068115234,37.630001068115234,2639000
2021-06-22,37.45000076293945,38.099998474121094,37.06999969482422,37.849998474121094,37.849998474121094,2388200
2021-06-23,37.84000015258789,38.15999984741211,37.4900016784668,37.529998779296875,37.529998779296875,2286300
2021-06-24,37.900001525878906,38.5099983215332,37.650001525878906,38.25,38.25,2161300
2021-06-25,38.369998931884766,39.66999816894531,38.16999816894531,39.459999084472656,39.459999084472656,3882200
2021-06-28,39.400001525878906,39.459999084472656,38.599998474121094,39.040000915527344,39.040000915527344,1770000
2021-06-29,39.22999954223633,39.90999984741211,39.02000045776367,39.040000915527344,39.040000915527344,2508500
2021-06-30,38.93000030517578,39.18000030517578,38.380001068115234,38.939998626708984,38.939998626708984,2430600
2021-07-01,39.220001220703125,40.599998474121094,39.060001373291016,40.38999938964844,40.38999938964844,2974800
2021-07-02,40.5,40.75,40.029998779296875,40.540000915527344,40.540000915527344,1948100
2021-07-06,40.369998931884766,40.41999816894531,38.86000061035156,39.209999084472656,39.209999084472656,3200900
2021-07-07,38.970001220703125,39.52000045776367,38.279998779296875,38.939998626708984,38.939998626708984,2184500
2021-07-08,38.130001068115234,39.540000915527344,37.59000015258789,39.189998626708984,39.189998626708984,1659000
2021-07-09,39.86000061035156,40.470001220703125,39.529998779296875,39.72999954223633,39.72999954223633,2144100
2021-07-12,39.400001525878906,40.369998931884766,39.099998474121094,40.279998779296875,40.279998779296875,1135300
2021-07-13,39.959999084472656,40.18000030517578,39.529998779296875,39.75,39.75,1394300
2021-07-14,39.93000030517578,40.38999938964844,39.279998779296875,39.45000076293945,39.45000076293945,1359000
2021-07-15,39.150001525878906,39.63999938964844,38.869998931884766,39.310001373291016,39.310001373291016,1873100
2021-07-16,39.540000915527344,39.779998779296875,38.2599983215332,38.290000915527344,38.290000915527344,1355400
2021-07-19,37.18000030517578,37.869998931884766,36.75,37.56999969482422,37.56999969482422,2074700
2021-07-20,37.72999954223633,38.970001220703125,37.45000076293945,38.630001068115234,38.630001068115234,1957000
2021-07-21,39.060001373291016,39.619998931884766,38.900001525878906,39.06999969482422,39.06999969482422,2179200
2021-07-22,39.16999816894531,39.470001220703125,38.65999984741211,38.709999084472656,38.709999084472656,1593400
2021-07-23,39.189998626708984,39.38999938964844,38.599998474121094,39.34000015258789,39.34000015258789,1261000
2021-07-26,39.45000076293945,39.9900016784668,39.40999984741211,39.81999969482422,39.81999969482422,1018800
2021-07-27,39.27000045776367,39.59000015258789,38.869998931884766,39.38999938964844,39.38999938964844,1105500
2021-07-28,39.619998931884766,39.97999954223633,38.91999816894531,39.75,39.75,1204600
2021-07-29,40.0,40.970001220703125,39.810001373291016,40.66999816894531,40.66999816894531,1190700
2021-07-30,40.4900016784668,40.650001525878906,39.849998474121094,39.97999954223633,39.97999954223633,1294500
2021-08-02,40.0,43.93000030517578,39.849998474121094,42.61000061035156,42.61000061035156,6731200
2021-08-03,44.0,44.18000030517578,42.08000183105469,43.41999816894531,43.41999816894531,2753800
2021-08-04,43.130001068115234,43.310001373291016,42.06999969482422,42.18000030517578,42.18000030517578,2438400
2021-08-05,40.88999938964844,41.150001525878906,37.90999984741211,38.720001220703125,38.720001220703125,4025200
2021-08-06,39.130001068115234,41.790000915527344,38.91999816894531,41.09000015258789,41.09000015258789,2614700
2021-08-09,40.86000061035156,41.52000045776367,40.25,40.40999984741211,40.40999984741211,2480500
2021-08-10,40.209999084472656,40.75,39.880001068115234,40.470001220703125,40.470001220703125,1159200
2021-08-11,40.97999954223633,41.25,39.869998931884766,41.2400016784668,41.2400016784668,1243400
2021-08-12,41.09000015258789,41.599998474121094,40.720001220703125,41.58000183105469,41.58000183105469,1775600
2021-08-13,41.349998474121094,41.349998474121094,40.7599983215332,41.22999954223633,41.22999954223633,1086000
2021-08-16,41.20000076293945,41.90999984741211,40.29999923706055,41.75,41.75,1274300
2021-08-17,40.0099983215332,40.439998626708984,36.68000030517578,36.810001373291016,36.810001373291016,4719100
2021-08-18,36.7599983215332,37.58000183105469,36.29999923706055,36.33000183105469,36.33000183105469,2021700
2021-08-19,36.0,36.0,33.779998779296875,35.310001373291016,35.310001373291016,3106900
2021-08-20,35.459999084472656,35.68000030517578,34.66999816894531,35.439998626708984,35.439998626708984,2425100
2021-08-23,35.72999954223633,36.310001373291016,35.45000076293945,36.06999969482422,36.06999969482422,1646800
2021-08-24,36.790000915527344,37.25,36.459999084472656,36.709999084472656,36.709999084472656,1246100
2021-08-25,36.709999084472656,37.439998626708984,36.31999969482422,37.209999084472656,37.209999084472656,1185600
2021-08-26,37.220001220703125,37.33000183105469,36.470001220703125,36.709999084472656,36.709999084472656,1062100
2021-08-27,36.810001373291016,37.4900016784668,36.7400016784668,37.349998474121094,37.349998474121094,1129200
2021-08-30,37.5,37.5,36.20000076293945,36.279998779296875,36.279998779296875,1837700
2021-08-31,36.20000076293945,36.75,35.95000076293945,36.720001220703125,36.720001220703125,1498600
2021-09-01,36.880001068115234,36.9900016784668,33.27000045776367,34.86000061035156,34.86000061035156,7994800
2021-09-02,34.83000183105469,35.97999954223633,34.779998779296875,35.63999938964844,35.63999938964844,2264500
2021-09-03,35.45000076293945,36.04999923706055,35.130001068115234,36.02000045776367,36.02000045776367,1982400
2021-09-07,36.349998474121094,36.75,35.95000076293945,35.97999954223633,35.97999954223633,3294600
2021-09-08,35.900001525878906,35.900001525878906,35.0,35.38999938964844,35.38999938964844,1465900
2021-09-09,35.20000076293945,35.86000061035156,35.08000183105469,35.4900016784668,35.4900016784668,1090000
2021-09-10,35.7599983215332,35.810001373291016,34.36000061035156,34.369998931884766,34.369998931884766,1296400
2021-09-13,35.0099983215332,36.130001068115234,34.709999084472656,35.97999954223633,35.97999954223633,1427300
2021-09-14,36.7599983215332,36.7599983215332,35.25,35.380001068115234,35.380001068115234,1837200
2021-09-15,35.400001525878906,35.959999084472656,34.52000045776367,35.7400016784668,35.7400016784668,1767600
2021-09-16,35.720001220703125,36.34000015258789,35.34000015258789,35.9900016784668,35.9900016784668,1293800
2021-09-17,35.77000045776367,36.65999984741211,35.77000045776367,35.959999084472656,35.959999084472656,3096400
2021-09-20,34.79999923706055,35.31999969482422,34.31999969482422,34.97999954223633,34.97999954223633,2011900
2021-09-21,35.43000030517578,35.43000030517578,34.11000061035156,34.5,34.5,1190500
2021-09-22,34.47999954223633,35.09000015258789,34.439998626708984,34.779998779296875,34.779998779296875,1405300
2021-09-23,35.099998474121094,35.439998626708984,34.630001068115234,35.18000030517578,35.18000030517578,1019100
2021-09-24,35.099998474121094,35.2400016784668,34.66999816894531,34.93000030517578,34.93000030517578,700600
2021-09-27,35.029998779296875,35.959999084472656,34.91999816894531,35.5099983215332,35.5099983215332,1283700
2021-09-28,35.43000030517578,35.560001373291016,34.439998626708984,34.52000045776367,34.52000045776367,1017600
2021-09-29,34.58000183105469,34.779998779296875,34.130001068115234,34.290000915527344,34.290000915527344,1097700
2021-09-30,34.36000061035156,34.5,33.38999938964844,33.61000061035156,33.61000061035156,3122000
2021-10-01,34.0,34.9900016784668,33.66999816894531,34.72999954223633,34.72999954223633,1667300
2021-10-04,34.75,35.16999816894531,34.41999816894531,34.709999084472656,34.709999084472656,1677600
2021-10-05,35.029998779296875,35.59000015258789,34.52000045776367,35.099998474121094,35.099998474121094,2093700
2021-10-06,34.5099983215332,34.88999938964844,33.459999084472656,34.34000015258789,34.34000015258789,1743900
2021-10-07,34.58000183105469,35.029998779296875,34.5,34.650001525878906,34.650001525878906,904400
2021-10-08,34.59000015258789,35.029998779296875,34.290000915527344,34.349998474121094,34.349998474121094,711600
2021-10-11,34.34000015258789,34.400001525878906,33.650001525878906,33.72999954223633,33.72999954223633,1403700
2021-10-12,33.61000061035156,33.869998931884766,33.099998474121094,33.27000045776367,33.27000045776367,1720200
2021-10-13,33.290000915527344,33.56999969482422,32.560001373291016,33.400001525878906,33.400001525878906,2090100
2021-10-14,33.88999938964844,34.66999816894531,33.849998474121094,34.599998474121094,34.599998474121094,1661500
2021-10-15,34.95000076293945,35.470001220703125,34.83000183105469,34.91999816894531,34.91999816894531,1144200
2021-10-18,34.68000030517578,35.0099983215332,34.40999984741211,34.68000030517578,34.68000030517578,1461700
2021-10-19,34.79999923706055,34.79999923706055,34.2599983215332,34.47999954223633,34.47999954223633,1088600
2021-10-20,34.619998931884766,35.29999923706055,34.529998779296875,34.84000015258789,34.84000015258789,1300500
2021-10-21,34.650001525878906,35.099998474121094,34.310001373291016,34.970001220703125,34.970001220703125,1409700
2021-10-22,35.099998474121094,35.189998626708984,34.52000045776367,34.56999969482422,34.56999969482422,762100
2021-10-25,34.619998931884766,34.619998931884766,33.90999984741211,34.04999923706055,34.04999923706055,850700
2021-10-26,34.029998779296875,34.04999923706055,32.630001068115234,32.779998779296875,32.779998779296875,1897100
2021-10-27,32.75,33.040000915527344,32.11000061035156,32.29999923706055,32.29999923706055,1357800
2021-10-28,32.41999816894531,32.90999984741211,32.349998474121094,32.630001068115234,32.630001068115234,963100
2021-10-29,32.54999923706055,33.0,32.29999923706055,32.56999969482422,32.56999969482422,1549300
2021-11-01,32.83000183105469,33.939998626708984,32.7599983215332,33.369998931884766,33.369998931884766,1954300
2021-11-02,33.38999938964844,33.560001373291016,32.77000045776367,32.97999954223633,32.97999954223633,1758200
2021-11-03,32.7599983215332,33.209999084472656,32.11000061035156,32.47999954223633,32.47999954223633,2177900
2021-11-04,32.95000076293945,34.599998474121094,32.38999938964844,33.83000183105469,33.83000183105469,2744200
2021-11-05,34.5099983215332,34.90999984741211,34.18000030517578,34.33000183105469,34.33000183105469,1846300
2021-11-08,34.439998626708984,34.86000061035156,33.349998474121094,33.380001068115234,33.380001068115234,1476000
2021-11-09,33.41999816894531,33.90999984741211,33.13999938964844,33.810001373291016,33.810001373291016,1623500
2021-11-10,33.560001373291016,33.86000061035156,33.29999923706055,33.58000183105469,33.58000183105469,1640700
2021-11-11,33.779998779296875,34.369998931884766,33.75,33.97999954223633,33.97999954223633,1214400
2021-11-12,33.959999084472656,34.16999816894531,33.31999969482422,33.34000015258789,33.34000015258789,815900
2021-11-15,33.52000045776367,33.54999923706055,32.75,33.04999923706055,33.04999923706055,1238600
2021-11-16,33.029998779296875,33.5,32.22999954223633,32.279998779296875,32.279998779296875,1762900
2021-11-17,32.380001068115234,32.560001373291016,32.02000045776367,32.13999938964844,32.13999938964844,1275400
2021-11-18,32.13999938964844,32.380001068115234,31.3799991607666,32.130001068115234,32.130001068115234,1766800
2021-11-19,31.670000076293945,32.0,31.350000381469727,31.3700008392334,31.3700008392334,1876800
2021-11-22,31.610000610351562,31.860000610351562,31.110000610351562,31.1200008392334,31.1200008392334,1391100
2021-11-23,31.420000076293945,31.860000610351562,31.1299991607666,31.43000030517578,31.43000030517578,1393700
2021-11-24,31.06999969482422,31.8700008392334,31.059999465942383,31.6299991607666,31.6299991607666,1424100
2021-11-26,30.3700008392334,31.06999969482422,29.8799991607666,30.5,30.5,1849900
2021-11-29,31.020000457763672,31.399999618530273,30.690000534057617,31.020000457763672,31.020000457763672,2856700
2021-11-30,30.6299991607666,30.920000076293945,29.389999389648438,29.989999771118164,29.989999771118164,3144800
2021-12-01,30.610000610351562,31.149999618530273,29.489999771118164,29.579999923706055,29.579999923706055,2983900
2021-12-02,29.719999313354492,30.780000686645508,29.59000015258789,30.540000915527344,30.540000915527344,2386900
2021-12-03,30.700000762939453,31.139999389648438,29.899999618530273,30.190000534057617,30.190000534057617,2476500
2021-12-06,30.59000015258789,31.219999313354492,30.3799991607666,30.760000228881836,30.760000228881836,2628900
2021-12-07,31.18000030517578,32.0099983215332,31.18000030517578,31.450000762939453,31.450000762939453,2703200
2021-12-08,31.40999984741211,31.81999969482422,31.25,31.299999237060547,31.299999237060547,1657300
2021-12-09,31.059999465942383,31.059999465942383,30.280000686645508,30.579999923706055,30.579999923706055,2723600
2021-12-10,30.850000381469727,31.209999084472656,30.6200008392334,30.860000610351562,30.860000610351562,1964900
2021-12-13,30.860000610351562,31.260000228881836,30.530000686645508,30.65999984741211,30.65999984741211,2062700
2021-12-14,30.469999313354492,31.690000534057617,30.360000610351562,30.799999237060547,30.799999237060547,2096800
2021-12-15,30.6200008392334,30.889999389648438,29.719999313354492,30.65999984741211,30.65999984741211,2136900
2021-12-16,30.989999771118164,32.060001373291016,30.899999618530273,31.43000030517578,31.43000030517578,2323800
2021-12-17,31.110000610351562,31.309999465942383,30.59000015258789,30.6299991607666,30.6299991607666,5681400
2021-12-20,29.799999237060547,30.059999465942383,29.139999389648438,29.979999542236328,29.979999542236328,1900400
2021-12-21,30.290000915527344,31.3799991607666,30.239999771118164,31.350000381469727,31.350000381469727,1823900
2021-12-22,31.420000076293945,31.979999542236328,31.40999984741211,31.959999084472656,31.959999084472656,1355900
2021-12-23,31.989999771118164,32.880001068115234,31.959999084472656,32.56999969482422,32.56999969482422,1072800
2021-12-27,32.720001220703125,32.88999938964844,32.20000076293945,32.790000915527344,32.790000915527344,849600
2021-12-28,32.72999954223633,33.220001220703125,32.689998626708984,32.75,32.75,959400
2021-12-29,32.560001373291016,32.93000030517578,32.43000030517578,32.43000030517578,32.43000030517578,785200
2021-12-30,32.47999954223633,32.83000183105469,32.349998474121094,32.38999938964844,32.38999938964844,633100
2021-12-31,32.27000045776367,32.529998779296875,32.18000030517578,32.189998626708984,32.189998626708984,835200
2022-01-03,32.400001525878906,33.279998779296875,32.290000915527344,33.22999954223633,33.22999954223633,1479000
2022-01-04,33.619998931884766,34.43000030517578,33.40999984741211,34.11000061035156,34.11000061035156,2117800
2022-01-05,34.290000915527344,34.63999938964844,33.41999816894531,33.470001220703125,33.470001220703125,1209700
2022-01-06,33.61000061035156,34.06999969482422,32.959999084472656,33.72999954223633,33.72999954223633,1219700
2022-01-07,33.630001068115234,33.880001068115234,33.22999954223633,33.34000015258789,33.34000015258789,1417700
2022-01-10,32.83000183105469,33.0,32.150001525878906,32.900001525878906,32.900001525878906,1211900
2022-01-11,32.97999954223633,33.29999923706055,32.459999084472656,33.06999969482422,33.06999969482422,1414700
2022-01-12,33.369998931884766,34.18000030517578,33.310001373291016,33.47999954223633,33.47999954223633,885800
2022-01-13,33.83000183105469,34.56999969482422,33.5099983215332,34.09000015258789,34.09000015258789,1523400
2022-01-14,33.61000061035156,34.119998931884766,33.310001373291016,33.9900016784668,33.9900016784668,1406500
2022-01-18,33.66999816894531,33.720001220703125,32.4900016784668,32.56999969482422,32.56999969482422,2330100
2022-01-19,32.560001373291016,33.060001373291016,31.90999984741211,32.0099983215332,32.0099983215332,1935900
2022-01-20,32.0099983215332,32.77000045776367,31.709999084472656,32.029998779296875,32.029998779296875,1637000
2022-01-21,31.889999389648438,31.889999389648438,30.510000228881836,30.540000915527344,30.540000915527344,1455000
2022-01-24,29.610000610351562,30.360000610351562,28.81999969482422,30.31999969482422,30.31999969482422,2212400
2022-01-25,29.68000030517578,30.020000457763672,28.81999969482422,29.440000534057617,29.440000534057617,2164800
2022-01-26,29.950000762939453,30.450000762939453,28.950000762939453,29.31999969482422,29.31999969482422,1289800
2022-01-27,29.799999237060547,30.299999237060547,28.739999771118164,28.989999771118164,28.989999771118164,1223100
2022-01-28,28.790000915527344,29.670000076293945,28.56999969482422,29.65999984741211,29.65999984741211,1098500
2022-01-31,29.399999618530273,30.100000381469727,29.260000228881836,30.079999923706055,30.079999923706055,1929300
2022-02-01,30.010000228881836,30.850000381469727,29.75,30.790000915527344,30.790000915527344,1544500
2022-02-02,30.780000686645508,30.84000015258789,30.239999771118164,30.690000534057617,30.690000534057617,1737700
2022-02-03,32.349998474121094,35.40999984741211,31.760000228881836,34.90999984741211,34.90999984741211,4647400
2022-02-04,34.77000045776367,36.380001068115234,34.77000045776367,36.029998779296875,36.029998779296875,3155500
2022-02-07,36.33000183105469,37.529998779296875,36.15999984741211,37.33000183105469,37.33000183105469,2836300
2022-02-08,37.65999984741211,38.900001525878906,37.349998474121094,38.81999969482422,38.81999969482422,3803700
2022-02-09,39.130001068115234,39.650001525878906,38.29999923706055,38.630001068115234,38.630001068115234,2680900
2022-02-10,38.380001068115234,38.81999969482422,37.47999954223633,37.810001373291016,37.810001373291016,1738000
2022-02-11,37.84000015258789,38.20000076293945,36.63999938964844,36.84000015258789,36.84000015258789,1715800
2022-02-14,36.880001068115234,37.20000076293945,36.099998474121094,36.68000030517578,36.68000030517578,2530600
2022-02-15,37.16999816894531,37.779998779296875,36.790000915527344,37.36000061035156,37.36000061035156,1271700
2022-02-16,36.939998626708984,37.59000015258789,36.68000030517578,37.349998474121094,37.349998474121094,1444500
2022-02-17,36.95000076293945,37.15999984741211,35.599998474121094,35.790000915527344,35.790000915527344,1788000
2022-02-18,35.72999954223633,36.41999816894531,35.310001373291016,35.619998931884766,35.619998931884766,1995000
2022-02-22,35.5,36.040000915527344,34.81999969482422,35.13999938964844,35.13999938964844,2239500
2022-02-23,35.400001525878906,35.540000915527344,34.20000076293945,34.439998626708984,34.439998626708984,2169600
2022-02-24,33.25,35.2400016784668,32.88999938964844,35.060001373291016,35.060001373291016,2067100
2022-02-25,35.150001525878906,35.75,34.81999969482422,35.529998779296875,35.529998779296875,1570800
2022-02-28,34.54999923706055,34.959999084472656,33.650001525878906,34.029998779296875,34.029998779296875,2614100
2022-03-01,33.790000915527344,33.88999938964844,29.959999084472656,30.09000015258789,30.09000015258789,4502600
2022-03-02,29.899999618530273,31.709999084472656,29.899999618530273,31.610000610351562,31.610000610351562,5753300
2022-03-03,31.780000686645508,32.08000183105469,30.84000015258789,31.34000015258789,31.34000015258789,3663200
2022-03-04,30.719999313354492,30.860000610351562,29.489999771118164,30.0,30.0,4499500
2022-03-07,29.860000610351562,30.030000686645508,28.90999984741211,28.950000762939453,28.950000762939453,2849200
2022-03-08,29.229999542236328,31.40999984741211,29.030000686645508,30.860000610351562,30.860000610351562,2949100
2022-03-09,30.690000534057617,30.940000534057617,29.969999313354492,29.979999542236328,29.979999542236328,3548600
2022-03-10,29.610000610351562,30.229999542236328,29.40999984741211,30.110000610351562,30.110000610351562,3337600
2022-03-11,30.510000228881836,31.059999465942383,30.260000228881836,30.559999465942383,30.559999465942383,1822200
2022-03-14,30.8700008392334,31.219999313354492,30.469999313354492,30.5,30.5,1957500
2022-03-15,30.68000030517578,31.309999465942383,30.360000610351562,31.1200008392334,31.1200008392334,2727000
2022-03-16,31.6200008392334,33.18000030517578,31.6200008392334,32.7599983215332,32.7599983215332,2699800
2022-03-17,32.31999969482422,32.709999084472656,32.0,32.61000061035156,32.61000061035156,2113900
2022-03-18,32.5,33.279998779296875,32.18000030517578,33.20000076293945,33.20000076293945,4438100
2022-03-21,33.290000915527344,33.720001220703125,32.70000076293945,32.9900016784668,32.9900016784668,1630500
2022-03-22,33.060001373291016,33.650001525878906,32.97999954223633,33.459999084472656,33.459999084472656,1806000
2022-03-23,33.13999938964844,33.22999954223633,31.969999313354492,32.27000045776367,32.27000045776367,1605200
2022-03-24,32.5099983215332,33.16999816894531,32.209999084472656,32.77000045776367,32.77000045776367,1708600
2022-03-25,32.959999084472656,33.65999984741211,32.79999923706055,33.540000915527344,33.540000915527344,1510600
2022-03-28,33.33000183105469,33.439998626708984,32.560001373291016,32.93000030517578,32.93000030517578,1379500
2022-03-29,33.150001525878906,34.130001068115234,32.939998626708984,33.93000030517578,33.93000030517578,1196000
2022-03-30,33.779998779296875,34.119998931884766,32.83000183105469,33.099998474121094,33.099998474121094,1405300
2022-03-31,32.83000183105469,33.20000076293945,32.630001068115234,32.630001068115234,32.630001068115234,1466700
2022-04-01,32.619998931884766,32.810001373291016,31.0,31.350000381469727,31.350000381469727,1820900
2022-04-04,31.270000457763672,32.220001220703125,31.239999771118164,31.860000610351562,31.860000610351562,2481600
2022-04-05,31.850000381469727,31.850000381469727,30.469999313354492,30.770000457763672,30.770000457763672,1712100
2022-04-06,30.399999618530273,30.84000015258789,30.059999465942383,30.399999618530273,30.399999618530273,2023100
2022-04-07,30.360000610351562,30.690000534057617,29.850000381469727,30.40999984741211,30.40999984741211,1509500
2022-04-08,30.40999984741211,31.219999313354492,29.979999542236328,30.709999084472656,30.709999084472656,1850600
2022-04-11,30.520000457763672,31.399999618530273,30.520000457763672,30.8799991607666,30.8799991607666,1560700
2022-04-12,31.040000915527344,31.549999237060547,30.690000534057617,30.700000762939453,30.700000762939453,1041000
2022-04-13,30.540000915527344,31.06999969482422,30.360000610351562,31.010000228881836,31.010000228881836,834000
2022-04-14,31.200000762939453,31.729999542236328,31.030000686645508,31.25,31.25,1267400
2022-04-18,31.1299991607666,31.639999389648438,30.979999542236328,31.190000534057617,31.190000534057617,1632400
2022-04-19,31.25,31.90999984741211,31.059999465942383,31.40999984741211,31.40999984741211,1688500
2022-04-20,31.649999618530273,32.63999938964844,31.5,31.889999389648438,31.889999389648438,1375400
2022-04-21,31.809999465942383,32.06999969482422,30.639999389648438,30.709999084472656,30.709999084472656,1389500
2022-04-22,30.59000015258789,30.670000076293945,29.389999389648438,29.43000030517578,29.43000030517578,1458700
2022-04-25,29.059999465942383,30.139999389648438,28.809999465942383,30.139999389648438,30.139999389648438,2218600
2022-04-26,29.719999313354492,29.920000076293945,29.110000610351562,29.15999984741211,29.15999984741211,1714200
2022-04-27,29.139999389648438,29.8799991607666,28.690000534057617,28.850000381469727,28.850000381469727,1996400
2022-04-28,29.299999237060547,29.65999984741211,28.540000915527344,29.579999923706055,29.579999923706055,2271800
2022-04-29,29.510000228881836,29.93000030517578,28.6299991607666,28.700000762939453,28.700000762939453,1787700
